"text","label"
"梦见一家三口搬家，不知道为什么搬家，不知道新家是怎么得来的（不是买来的新房子），搬进的是楼房，不是平房，东西都搬进去之后我爸就出门办什么事去了，我和妈妈在家里收拾新家。然后就觉得新家很奇怪，在卧室里好像有坟一样的东西（不是鼓个土包的那种坟，是水泥的平地，好像也没有墓碑，外表看起来不是墓，也没有坟墓的明显特征，但是我们知道那是坟），家里好像有点刮阴风，我和妈妈很害怕，就想搬出去。通知爸爸回来和我们一起收拾搬家。有楼上的邻居从门缝里向我们家里看，邻居没有什么表情。我很害怕，去关门，发现门关不上，也锁不住（锁是插销那种的，对不上去，所以锁不上），我使劲的关，关没关上我就不记得了，然后和妈妈一起收拾东西，拿袋子把各个房间里的东西都装起来，我很害怕，口很渴，但是想快点收拾东西快点走，连水也没喝，然后爸爸回家了，一进门楼上的邻居也都跟着进来了，面无表情的在我们家里走来走去的到处看，也不跟我们说话，不友好但是也没有敌意，就是很呆滞的那种表情。他们拿走了我们家的一些小东西，好像有苹果之类的，反正全部都是小件的东西(不知道是他们自己拿的，还是我们想尽快搬出去，嫌小东西搬来搬去的太麻烦而送给他们的)。拿完东西之后他们就出门往楼上走了。我跟着跑出去在楼梯上拦住他们（我当时好像有点气愤，因为他们拿了我们的东西，所以我对他们的表情是有点愤怒的），我从他们手里拿回来了一些属于我们的东西，他们没有反抗，没有愤怒，还是呆呆的，完全没有表情。后来就不记得了。我很少很少做梦，这回做了这么个梦，而且记忆还比较清晰，心里感觉特别不舒服，希望大师能给解一下，谢谢！","03"
"梦见橡胶管缠绕，管子里全是酒，好几个人必须把酒喝完才能结束，已经好几次了。而且基本上都是喝完酒的，而我自己喝不喝感觉不明显，到最后好像别人都是喝到不行了。缠绕在一起的管子最后剩下的也不多了，好像也不再缠绕不清了，就稀稀的几根","03"
"梦到被坏人抓住，那个坏人右手拿了半个盆子，她抓住我的衣服，我始终逃不了，我不停叫救命，这时，一位帅哥大明星穿着粉红色衬衫，于是，他便就了我。好可怕--------------------------------------------------------------------------------------------------------------------------------------------------------------------------------呜呜呜呜呜呜U呜呜呜呜呜U呜呜呜呜呜呜呜呜呜呜呜呜呜呜呜呜呜呜呜呜呜","03"
"昨晚梦到一船的和尚，分船两边整整齐齐的坐着，一声不吭，从上望下去光溜溜的头，大小一样，好似一排罗汉，庄严肃穆。此船在前面行驶，船后还有一艘类似龙舟的红色的船，只有一个人在龙舟里。龙舟后面还有一艘普通的船跟在后面。河面好像很平静。反正三艘船都很安静。","05"
"和一个人山里像游戏中一样相互攻击，把对手打成骷髅头但其它身体部分正常的人，帮助自己的几个人也有受伤，最后不计前嫌帮骷髅头及帮助我的人“回血”，让骷髅头回人形，我提议去魔兽游戏中的生命之泉，却遇上各个部落争夺它，这是玉帝出现帮忙，后来又遇到佛祖帮忙佛祖说这时候要用金字佛印，就发给我们金字佛印。","04"
"开始有很多朋友在老家一块农地里一起吃东西感觉已经吃饱了，不知又换了一个场景与爱人一起吃东西，自己吃到问我爱人什么时候而且还不停吃感觉还能吃得下很多东西，爱人在用餐中又遇到一个人，他问我爱人什么时候把谁的钱换上，为什么把手机号码换掉？","03"
"梦见去世的弟弟和活着的弟弟，穿着崭新整洁的西服，里面的白色衬衣，也是新的，他们张口笑着，我看见他们的满口牙齿有好几排，占满了下部的口腔，牙齿看上去，很锋利的样子，并且十分洁白；还看见爱人的牙齿也是这样子，很白，但是是两排，排在下口腔的牙床上。","04"
"梦见我跟几个舅舅及家人在一起吃饭，这时外面来了一个年轻人送来很多汤园，说是我三舅派他送来的，（其实我三舅已死了几年了，但梦中他没死，而且过得很好，好象还是一个官员了，具体是什么官有些记不起来），汤园里面包着的是肉，请大师解梦，谢谢！","03"
"老是梦见我嫁人了    嫁给不喜欢 或不情愿的人     哭的.....梦过好几次了第一次梦我妈让我嫁人了   我不想嫁   心里特难受     第二次梦见要嫁人了 特不愿意   昨晚直接梦见就是嫁人了  我不愿意   还要闹离婚","04"
"昨夜梦见已经病逝四年的奶奶 梦里的他好像还没有死透 但是也好像是死了没有埋葬 好像是僵尸那种她的样子是那种干干巴巴的 而且还说话 说她不想死 我们一家人都在那哭要去埋她 装进棺材但是没封盖 ， 然后他不肯死又准备把他拉回家","02"
"梦见阴冷的深夜自己因为父母不在家而我自己也没带钥匙，所以去现实中还活着的同性朋友家里住（我是女的，现实中我根本没去过她家）。    她是我现在高中班上的正班长，她不是那种柔弱的女生，她是着装打扮比较中性，性格和外貌都有点偏男性的短发女生，我高约一米五，她长得比我高一点。她学习很好，是拼命学习的那种学生，她也承认学习很难也很累，有时她有一种快要死了的感觉，但一直都死撑着。现实里我很喜欢她这个班长，因为她成绩好、人好，而且和我一样也是O型血天蝎座，尽管事实上她和我交集并不多，我也没怎么和她说过话。   梦里我很开心地去我这个朋友的家。然后她让我坐在客厅长椅上休息，这是一个用钢铁做骨架、垫着有点硬的棉的长椅，说实在的，坐着这长椅并不舒服。当时她站在墙边微微低着头，我只能看到她的侧面，而她刘海的阴影导致我看不清她的眼神和表情。我环顾四周，发现她家里物品和摆设的颜色都是冷色系，只有黑、白、灰三种，而且只有客厅的那盏昏暗的灯亮着，我察觉到这里散发着一丝阴凉的气息。她告诉我，说她自己想要回家。我就觉得奇怪，我心想难道这里不是她的家吗？   接着我想到自己父母是否在家，就用和现实中一模一样的黑手机给我父母打电话，结果不是不通就是已关机。   然后我又看向她，只见她走过来站在我面前背对着我，低声说她想要回家，现在就回家。我觉得不对劲，就坐在长椅上伸手抱住她，没有站起来，接着问她到底怎么了、还好吗。她低声说了一两句话，大概是关于她自己的感觉和想法的，但因为声音很小，我也听得不太清楚。   她背对着我，她不再说话了，忽然有什么液体滴在地上的声音，然后是扑哧一声，好像是什么液体突然迸出的声音，似乎有更多的液体流到地上。我低头一看，竟然是一滩殷红的鲜血，鲜血在黑、白、灰背景的衬托下显得格外刺眼。   我被这个景象震惊了，就赶紧站起来抱紧了她，我叫她的名字，甚至连名带姓的叫她也不再听到她的回应（平常我叫她名字不带姓）。梦中我的直觉告诉我，她自杀了。但我不知道她是为什么要自杀，也不知道背对着我的她是怎么自杀的。   我喃了喃她的名字，接着我沉默了，我轻轻地松开抱着她的手，让她倒在长椅上。但我从来没有看见过她的正面，她一直背对着我。我悲伤地望着她的短发和背脊，看着她略微翘起的短发，我不由得想起了日本动画《银魂》中男主角坂田银时的身影（坂田银时是我最喜欢的动漫角色）。我默然又悲伤地站了一会儿，便转身向门口悄无声息地走去，打开门，我的动作停了一下，我没有关她家的灯，最终我决然地关上门，离开了她家。   出来已经是脚踏着大地，到了街边，我抬头望天，只见一片漆黑，没有月亮也没有星星，阵阵冷风从我身边吹过。我倒吸了一口冷气，她自杀的情景又在我脑海浮现……   梦里印象中，她是在高一下学期开学前的几天自杀的。   开学了，班上的同学们集资在学校里建了一所约9平方米的小房子，房子内的墙壁上刻有黑色的全班同学的名字，其中她的名字被刻在墙壁的中央，她的名字比别人的名字大一些。我也看到了我的名字。班上所有的同学也依次进入这个小房子，表示对她的悼念，每个同学都沉默着，表情庄重而严肃。   我又想起了她临别时的情景，心中溢满了悲戚哀伤。走出了那间小房子，我回头又望了一眼那小房子，只见其他同学还在那里进进出出。我满心哀伤地离开了那里。   不知这个梦是什么情况、意味着什么，我第一次梦见现在的同班同学自杀。她是一个值得我仰慕的人。","04"
"昨晚梦见老家房子和妹妹家房子被风吹倒塌了，我现在是未婚恋爱中，老家的房子父母哥哥嫂子们在住，妹妹家的房子是两层，他家是妹妹妹夫住、二层被风吹倒，还看到山上的石头塌下来把路都给堵了，请问这是怎么回事啊？","03"
"我梦到自消沟里漂着很多死尸大人小孩都有，我顺着消流的方向走，梦到臭水带着死尸流进了苹果园，我很怕就去找男朋友。找到男有友之后我因害怕全身发抖希望男朋友能给一个拥抱，男朋友却说我跟多人暧昧要求分手，还拿调了我的通话记录给我看，然后转身就走了，梦里我很伤心，这时候我的异性朋友出现了抱着我说不要哭不要怕那种人不值得我哭。这是怎么回事？现实中我没有跟谁暧昧，我也爱我的男朋友，但男朋友对我不理不采的我心里很怕！求解释","04"
"我们去一个地方，见地下冒出阵阵青烟，感觉很恐怖，于是来了很多人开始挖掘，先挖出一副棺材，当大家起出棺材时底下竟然还连着一副小棺材，再看周围时，好像好多地方也在冒青烟，于是大家接着挖掘，发现好像周围还有好多棺材，我吓得不行，不敢近前，不等挖出棺材，我就惊醒了，感觉身上没有劲","02"
"梦见在塑料盆中洗脚，一会不知怎的若干肉色的小蚂蟥从脚劲处往小腿上爬，边爬边吸血边长大，用手抓都抓不下，吓的我边喊边叫的往外跑，叫爱人给我找杀虫药，后来自己在门外的墙上找到灭害灵喷上后死了一些，有些已经变成蛹了，已杀不死了，醒了。  邮箱：248390195","02"
"梦见逝去是婆婆回家坐在床上与家人聊天，然后下床蹲下走了，消失了,我和大姑姐出门去追，大姑姐伏在我的背上痛哭，昏了过去，我大声呼叫让别人来救，这是从院子里走出了妹妹的孩子来帮我一起抬大姑姐，我们好像在沙漠里.......","02"
"昨晚，梦里好像是在一个小岛，其中一个女的问，她在哪里？为什么会在萝卜州（一个岛名）上。我往水面看，发现有人掉在水里了，有很多人，不知道有多少人。我和另一个男人一起去救落水的人，到了最后，有一个沉得太深了，没有办法救上来。但是救上来的好像全部都死了。那些人我都不认识的。然后我在旁边哭得很伤心，好像在真实中也有流泪了。前几天也是做梦，自己在梦里面哭得很伤心，但是没有原因，就是很伤心，拼命的哭，醒来感觉枕头都有些湿了。","04"
"我跟老公在路口把地摊收摊时碰见边上门头找事老公生气不管让他家给我们收桌子我跟别人说自己不能弯腰他们说叫你老公会回来收老公回头过来了一句话没说上来就跟别人打架把别人头踢了个洞血流不止老公这是第一次打人自己走了我陪着人家去医院看了一半我出来接老公告诉他自己在哪接着梦见忽然刮起大风落地窗帘卷着凳子把玻璃打碎自己害怕这是来个业务员很没礼貌的跟自己说话自己生气跟陌生业务员吵架接着自己被吓醒","02"
"当晚做了三个梦  第一个梦最清晰 看到前方一棵树 树上开满花 刚看到时是花骨朵 瞬间含苞待放 很是漂亮  忽然有只小鸟飞到我的耳边 它叫了两声就飞到那开满花的树上 我看到树上有个鸟巢 鸟巢的上边还有只小鸟  我这才看清楚  很感慨的说这不是喜鹊吗  好久没看到喜鹊了  还是很小的时候看过          第二个梦是在我打工的地方有一桶水 不小心把脏水弄进去一点点 老板有些生气说 都不要了 我说别啊 多可惜啊 留着拖地吧         第三个梦看到干树枝我捡了点 又看到湿树枝我又捡了点       谢谢帮我解答","02"
"梦见一扇红色的大门，这扇大门是在一个石头的房子上的，梦开始是关闭的，上面贴有黄色封条上且上面有字，我想看清楚上面的字但是看不清楚，而后我就自己进入了这扇门（不是我自己开的门，也不知道怎么就进来了），进来以后看到了又是一扇相同的红色大门，单上面没有封条了，然后我就醒了，感觉就是古代城墙上的2扇门一样，进入了一扇还有另外一扇，何解啊？","01"
"梦见修路，好多桥梁附近都有石头可以用，要拆除两家院墙，后来在一处填方处，别人却挖去好多石头去修自己的路，但对我方影响不大，对方说挖取的坑中发现金子，我到现场一看，先拾起小小的金片，后来又发现好多稍大的古老的金币，后来捡了好几个，后来旁边发现许多珠宝，又发现许多衣服，拿了一件衣服想把捡到的珠宝串包起来，打开后衣服里面用珠子串成好多，把发现的珠宝裹在衣服里面了，准备藏起来，让别人也去捡珠子，但他们捡了不多，对这些珠宝也爱理不理的，我就把捡到的珠宝及取到的里面带珠宝的衣服卷起来裹好，一起准备藏起来，怕被别人发现，然后就醒了","03"
"昨晚梦见我爷爷死了，（注：我爷爷已经死了十九年了）死在我现在住的房子的后屋，梦见他死的时候很瘦，出殡就在大墙外就烧了，我问为啥不去火化厂，阴阳先生说不用去那，在用火烧的时候我看到火了，刚刚烧尸体就动了，一会还坐起来了吹笛子，我害怕了就跑房后了，这时有个邻居脸色苍白的就过来了，像要抓我，我就跑，一边跑一边喊他被我爷上身了，我一个大婶还给用纸","04"
"晚上睡觉一直做梦，开始梦见不干净的东西，然后吓醒了。等睡着了，又接着刚才的梦做下去，做一段又吓醒，反反复复，一直做梦，最后梦到一个陌生人来找人杀人，被我看到了，把我左手中指割断，中间取出一根骨头，然后我正要出门，又看到那个人，他又开始追我，快追上的时候吓醒了。这是怎么回事？这代表什么？","04"
"前天晚上梦见由河堤斜坡往河里奔，去捉鱼。河里水很浅，鱼很多很大，我捉了很多，最后捉了条变异的金鱼，也很大。有点吓人。昨晚又梦见沿河堤斜坡往河里奔，河里有座风雨桥，我坐在桥顶，桥顶上还有个小时候的兄弟，河对面就是我喜欢女孩的家，我看见她爷爷奶奶在阳台，我看见她在做作业，我兄弟说那是你媳妇吧，我见过。那个女孩也看见我了，我不好意思让她看见我","05"
"自己家门前有条河 我在外面玩 发现很多人在河里救人包括妈妈 死了两个人 然后看见很多黑鱼 怕鱼咬家里人 就跑回家了 回家一看没事 之后有到河边发现一条白色的鱼水慢慢没有了它就变成了羊 家里妈妈是属羊的","05"
"外婆在世,八十高龄.梦的环境是我家客厅.爸妈都坐在客厅的长椅上各自做自己的事,我在自己房间里.梦里,外婆像是住在我家楼上.跑下来坐在长椅上哭,是啜泣,拿着纸巾抹眼泪,眼睛都哭红了.像是受了委屈.外婆穿着淡蓝紫色的连衣长裙.我从房间出来,喊了声外婆.外婆看了我和父母一眼,继续哭.","04"
"莫名其妙的就梦见很久以前的同学,初中毕业后,到现在十几年都没有在遇见过的.以前同学时期,关系也就一般般.就那种在普通不过的同班同学而已.!    我就梦见,在学校教室外走廊上,也记不清当时我是在和哪个同学聊天(就只记得我是在和一个同学聊天),然后莫名其妙的他就走过来在我胸口刺了一刀,然后就发生冲突,刀在他手里,我也不知道是怎么搞的,他的手掌不知道什么时候被刀割来断了一大半,然后就是血,我衣服上都是血.   大致就是这样,还有一点点很模糊很模糊的记忆就是,好像后来还被老师和同学一起说了我们半天.!    总之就是一个奇奇怪怪的梦,哪个同学自从我们初中毕业后,一只到现在,10几年了,都从来没有遇到过一次.这梦寓意个什么情况阿.  我很少做梦,非常少,一年最多也就只会有几次,不到5次做梦吧,非常少.但是最近,也就是2013年,这一个月,我都有2,3次了,那2次很模糊,也觉得没啥,但是这个梦,奇奇怪怪的,到底是在寓意个啥情况,谢谢.!","01"
"河里发大水，我和儿子河边看水， 突然从河对面人家后院逃出一匹母马，口中衔着一只白鸡，踏浪而来，奔进山里去了。随后一匹公马也踏浪而来，同样衔一只白公鸡。到了岸边，前腿使劲扯鸡头，看着白公鸡已经没命了。这时候母马又衔着白鸡从山道口奔了回来。","05"
"梦见被一只大狗咬腋窝,不疼,没出血,后来大狗走了，有人提醒我伤了没有，我才看腋窝，自己看不到，让别人看的，说有印，于是我开始往防疫站走，准备打预防针，后来又梦到很多人在看什么，原来是在浇水、种菜。请问意味着什么?","06"
"我梦到去洗澡，洗澡的地方是小时候经常去的那家。脱完衣服后没洗成，就与一个认识的人打仗，但我俩都相互认识，不是特别熟悉。然后他用手把我的金项链扯断了。扯断后他还要管我要一块。我没有给他，之后我就上楼回家了。","02"
"听见有人撬门的声我就去问，我说这是10楼不是九楼以为是走错层。然后中间的女的跟我搭话，然后跟左侧女的假装走了，但是我还听到撬门声，就把门中门打开看见还有一女的蹲下面撬门，见败露那两人就回来了，继续撬门，我把走廊灯打开看见左女子手持水果刀，然后见灯亮就把猫眼给堵上了，然后门就被撬开了，正巧隔壁回来一女的，左女就用水果刀给她划伤，我趁他们分神立刻踹了拉开门的那个人，把门重新关上并反锁，就回屋打电话，110电话怎么也打不通，不是号拨错就是没声要不就是没人接。然后给我妈打电话教她暂时别回来，帮我找两三个身手不错的男的立刻来，她说没事然后就不搭理我。然后就醒了","01"
"昨晚后半夜，梦到已经去世7、8年的父亲快要死了，临死前突然坐起来，将身上的存折条子等都掏出来给我们，当时有母亲、妹妹、姐姐、我和侄子（弟弟家的，梦中大约10来岁）这些存折等姐姐整理者，母亲拿过一个，说这个没有多少钱给侄子，侄子没有接，也没说话。我握着父亲的手安慰他，父亲大哭，不一会就觉得父亲身体变形，身上有很多手，我想躲，妹妹也拉我但是拉不出来，我虽然离父亲远了些，但是父亲的好几个手拉长变形了，都抓在我的身上肚子上，然后就吓醒了。","04"
"梦见自己跟一个亲人（具体不知道是哪个亲人）在走路，一个小孩子故意放他的狗过来咬我，但是狗没咬到，蹭了我一下之后脚上就起了奇怪的疙瘩的和疮，并且排的特别整齐，再往前走就看见好多好多鸡，里面有很多看上去特别凶的公鸡，然后我就一边吓唬着它们一边往前跑，最后有一只白色的大公鸡追出来，要扑过来的样子，然后我就被惊醒了。","06"
"做梦梦见4只大白公鸡在一起，然后过了一会儿也不走还在那里好像等着我喂东西吃。就在一个小范围内等着，好像是一个小屋子里。","04"
"2013年02月16日中午午睡时梦到自己用手拔下下牙右边最里面一个大牙，拔碎了，感觉会磕牙，于是又把碎牙拔掉好像有粘糊糊的血，好像在以前那种蹲坑的公共厕所，好像把血弄得厕所墙上都是。公共厕所里还有不认识的一些人，上班闹钟响了，就醒了。","02"
"一个农村的那种厕所，到处是屎，里面外面都是特别脏，边上有棵神奇的草，梦里告诉我说出咒语它就能完成任务，我发出指令，那棵草就像阵旋风似的将大便什么的都收拾干净，而且将厕所变成被水泥抹的特别平整的一个平面，连原先的厕所坑也被封上了，我再想再用草把厕所坑挖开。。。就醒了","02"
"昨晚梦到很多蛇,在面前爬来爬去, 后来又碰到父亲突然出事故,好象是车祸,离开了我们. 我本就怕蛇,又梦到这样的场景,实在心理害怕. 另外,我现在是怀孕38周的孕妇,不知道会不会有什么影响, 请大师指点,谢谢! 这是我怀孕后第二次梦到蛇了.","04"
"梦见我家乡旁边的河水断流了，要修成路了，而我一点不知道很茫然，因为毕竟这条河是通往长江的一条支流，好多年枕着船坞的声音已经听惯了，真的要没了吗，后来梦里就是人家都在说，以后这座桥也不用了，因为到我家乡总要过这座桥，还有好多人在看河底里有好多东西的，","05"
"梦见凤凰飞进房间，燃烧盘旋，我似乎在和同学考试（我都毕业十来年了，只是喜欢写小说偶尔投稿参赛）我和几个同学不约而同拿出手机拍照，凤凰很漂亮（以前从没仔细看过凤凰图画，根本没想到会梦见凤凰，所以感觉这梦太突兀了）我拍了好几张，凤凰飞到我头顶上空，我也不怕火花掉身上举着手机就拍，就见凤凰腿烧没了毛，跟鸡腿似的，掉下来要砸中我，我一躲就醒了","01"
"最近总是梦到初恋男友。前天还梦见他说他不喜欢我。昨天又梦到他来学校接我，我们什么也没说，很有默契的又在一起了，甚至比以前还要好。现实中，我们谁都不联系谁，有些回避对方。都四年了，我期间好过对象，但现在还喜欢他，他虽然一直没有好过对象，但不知道他想什么。他期间找过我两次，但什么都没说。后来上了高中谁都不联系谁。我们都是比较执着不滥情的人，都","01"
"梦有些断断续续的，刚开始 好像是在郊外树林里，和家人一起走路，看到一棵大树下有两条巨蟒，一条深褐色，一条金黄色，又好像突然又有其它人在打那两条蛇，金色那条被打死了，不知道我怎么又拿着那条金色的蛇，之后又莫名奇妙的不知道那条褐色的蛇从哪里跑出来咬了我屁股一口，咬下来的时候发现是条眼镜蛇，不知道这梦是凶是吉呀，劳烦师傅给解读一下","06"
"和同学一起去郊游,然后不幸迷迷糊糊的都走散了,最后只剩下我的一个兄弟,我俩废了好大的力气,然后打听路才找到那些同学,然后有条河,我居然能在和上面跑,然后有2个老妇女在那给别人看鱼钩,我在水上跑一跑就被鱼钩挂住了,他们说鱼钩不是他们的放一边就行,我继续跑而且特别开心.最后就吓醒了...","05"
"和朋友一起逛街买东西付钱时发现自己的钱包丢了，然后跟朋友跑回去找又找到了。里面什么都没丟！  0                                                     是喻意什么阿？是好？是坏？","01"
"就是梦见不知道怎么回事就死了，然后到鬼界阎王审判我，我以礼貌待之，他也说我一生没做过伤天害理的事，对我的映像很好，我说能不能先不去投胎，他说可以，我就跟着一个穿白衣服的姐姐走，还向阎王行了个礼，他说不用谢。我还不能在阳光底下，因为鬼都是怕阳光的，受不了，那个白衣服的姐姐就在路上保护我。都来到了住的地方，晚上我突然发现，我可以用手机往人间打电话，我就给我妈妈打电话，她只是在哭。后来我又给我夫君打电话，但是他在睡觉，后来我以魂魄的姿势见到了妈妈，奶奶，姥姥，我跟他们说我在这一切都好，等到他们死了，我再去投胎。后来我就合计为什吗没看见爸爸和李舅呢，爸爸是在我7岁的时候去世的，李舅是今年年初去世的。我今年19岁。","04"
"梦见和前女友重合 她父亲知道了不让我们在一起 她哥哥叫了好多人要打我，我保护她一时措手摔死她父亲 跑了出去 叫我哥哥们 幸亏在旁边遇见我哥哥们  他们一起帮我打倒了他们，最后前女朋友误会的事情 我也解释 就和好了， 到底是什么意思？","02"
"刚开始是说那条蛇是条双头的，和其它蛇不一样，就是方头的那种，还有头顶上有个小尖尖的；放在一个类似于罐子的东西里面,围了好多人在看，我和我的家人也一起在看，但是突然那条蛇突然就从罐子里面伸出头来，吐着常常的信子，就追我和我的家人，人群就四处逃窜，那蛇就追着我们不放，大家就开始打它，最后不知怎么的就咬到我的手臂，后面手就肿起来了，其它的就记不太清了！","06"
"先是梦见给一个女孩穿鞋，给她试了两双，第一双是37的，比较大，然后我拿了一双红色的35鞋，虽然有点紧，但还是帮她给穿上了。梦见已故的婆婆，她拿着我儿子小时候穿的两只不同的袜子，对我说，孩子的袜子都穿坏了，想去买点布给孩子做袜子。我对她说，行，我去买。","02"
"梦见自己和一个孩子早外面逛街在一个大厦的时候买了一个雪糕被别人弄脏了再去买的时候怎么也找不到买雪糕的了 后来就回家了在回家的路上不小心滑进了深渊掉到一半的时候大喊救命被我的一群朋友用绳子救助了拽了上来。","05"
"梦到自己和公司的姐姐们一起去一个晚会（类似春晚的一种晚会我也不太清楚），姐姐们都在忙挽回的事情，自己站在门口（我也不知道自己在门口干什么）。看到羽泉从眼前走过（陈羽凡带着口罩），自己很惊讶眼前看到的，胡海泉主动对我打招呼就走了。 自己很兴奋躲在墙角做暗喜状。 胡海泉又回来问我刚才怎么了，我说我很兴奋见到他们。他问我多大，我说十八。他说他要是四五十岁找个比自己小二十岁的还行，我说 有什么不行 你现在反正也快四十了，我记不清胡海泉接下来说什么了，我回答他的时候提了一下我妈再婚时候的事情。（我在大门口看到羽泉进去的造型，和胡海泉出来找我的造型不太一样。海泉进门的造型很帅，但他出来找我的造型戴了一副眼镜，米白色毛衣，总之有点土气）","01"
"在我奶奶家门口。梦见了一条蛇。不是蟒蛇。有木有毒也不知道。但是当时我很害怕，那蛇会跳，一蹦一两米高，我跑到奶奶家里面，当时还有我表哥在，然后关上了大门，蛇在外面。但是大门的下面没放蹄趹，当时也是怕他从下面进来，然后一下子好像那蛇跳了进来，我哥叫了一声吓我一跳，然后没有蛇才松了口气，但是我觉得我屁股后面好像被个小东西咬了一下，我想应该是那条蛇，当时吓坏了， 我一摸屁股真是有个小东西在我屁股上面，然后就被吓醒了。","06"
"今天中午睡觉时梦见了我家中出现了一只比老虎小比猫大的动物，它有点橘红色又有点今色，似乎没发现我在边上，但是我还是躲到房间里关上门，突然发现手机没带进来于是又趁它去别的房间的机会迅速的将手机拿来，刚想挂电话给我爸，恰好这时我爸就在开家门了，然后我冲出去，发现那个动物已经死了。","04"
"跟别人比赛跑步，跑的很快，然还和朋友去很大的地方去吃饭，进屋时先脱鞋，把鞋放在里面，怕丢，然后在公共洗浴的地方洗澡，洗完了澡要开柜子的时候发现许多的人在穿衣柜前排队在，自己的柜子大开，手机不见了，钱包里钱和卡不见了，但钱包还在。","04"
"清澈的河中间有一条路，我走过去，看到有几条鱼杆放在那里，鱼杆旁边没人，水很清，明显可以看到有很多大白鱼在游，然后一条鱼杆上有一条很大的白鱼，它挣扎着，然后鱼杆快被拉下去了，然后它就挣脱鱼杆跑了，然后过来一个很高的人，我给他说你的鱼跑了，然后他在另一个鱼杆上很费劲的拉出一条鱼，也是白色的，但是比跑的那条鱼要小，但估计也有四五斤吧，然后那个人","04"
"我在外地收破烂的..有一个院子..那天早上8点多醒了.又睡个回笼觉.梦见我和几个朋友在外边吃饭.吃过饭又讨论做什么才能挣钱.然后我自己在回家的路上走着走着困了就再路边睡着了.睡着的时间是中午.太阳当空.迷迷糊糊的醒了然后去找回家的路.到家了发现家里的地方.门和现实中不一样.现实是在外地.梦里变成老家了.现实是铁门.梦里是木门.梦里门被撬开.家里杂七杂八的东西全被拉走了.我第一反应是邻居干的.因为我回来的路上看见邻居家有个大车.车上装的有东西.然后我就去追..再后来就醒了..","02"
"梦见自己领养的小女孩动不动就拿自残来威胁 她需要剪指甲 说是要到专门指甲店去 我掏出指甲刀要给她剪  而她顺手检起一片破镜子 往手臂上划 伤痕很深 但我觉的她感觉不到疼 她手上好像大概有4条旧伤疤 没有办法然后我只有带她去剪指甲 却迷了路 在一个地方转了好多个圈都找不到出路 路上碰到一老太太 她告诉我怎么走出去。突然老太太见到小女孩从手中丢下了一片她的肉到地下 上面还写了4个字【 忘记了写的是什么】感觉好像是形容小女孩是扫把星  那个老太太见到地上的肉皮 就大叫了起来 你是陈小花吧 边说边走回她的家前就不理我们了 我看了小女孩 知道她们认识 她是那老太太的孙女 不过好像没有感情 小女孩看着老太太 眼神很冷淡 却什么都不说 那片肉呢是从她胸口的位置 她自己割下来的 后来我就吓醒了 对了 我梦到她长一身的毛 手臂 手指甲 和鼻孔里都有 她使劲拔鼻子里的毛 感觉她一点都不疼 这就是她要去剪指甲的原因 因为手指甲上都长了毛 她自己拿着破镜子 割指甲上的毛 却把手割破了","01"
"梦见我的左手指被电击断，没有流血，也不痛梦见我的左手指被电击断，没有流血，也不痛梦见我的左手指被电击断，没有流血，也不痛。好像是在下雨，，院子里我和同事取暖喝茶，院子里的乱接的电我动了下，就击断我左手食指和无名指。","06"
"梦见在一片庄稼地里被亲戚家的大狗咬了手   当时好像是恶狠狠的要下去，后来又有点不忍心咬了  狗好像是用嘴里没有牙的地方咬的   感觉力量很大但没有出血  感觉当时  手背上有个黑色的印子 好像是淤血","06"
"昨天做了个梦，梦到姐姐过年给了我5000，我没要那么多，只要了2000，然后把其中1000放在了一个信封里，到了河边一个小屋里，有个朋友在哪里，我随手把信封放在了桌子上，后来说着话就忘了，说完话回家了，一看家里是奶奶的的灵堂，大家都在等我呢，可是奶奶已经去世20多年了，我进了灵堂忽然想起来我那个信封了，就赶紧回去找钱，结果发现信封已经没了，后来就醒了","04"
"做了一个梦，梦见在广场，我们中国与日本打了起来，最近我在电脑上看日本动漫。后来呢有个日本把带有刀的枪，上的刀插入左手。后有把左脚也出了血。我就把右手放在左手的伤口上。一直往前走。后来就醒了！不解哎","04"
"梦见爱人在一条船上，然后我不在船上，她知道了我不在船上，她就找我，就从船上跳下去找我了。跳下去就被人救上去了，然后又跳下去了，又被救了。救她的那个人也喜欢她，还不让她找我。最后我去找她了，找到之后我抱着她。她就哭了。然后就醒了。","05"
"梦见跟朋友一起得到一箱珠宝，好像是准备押送到某个地方，但是没法走，那么我们就一起看着，怕被偷走，但是却把珠宝放在门外，我们几个人在屋里打扑克，突然想起来珠宝放在门外不是会丢么，于是赶紧出去看，发现珠宝就是丢了，我们就赶紧找，打这手电筒到处找，就是没找到。梦中的我们好像是在古代，穿着古装","04"
"梦到自己母亲死了，有穿白色孝衣之人，孝衣上还有浅黑色龙的花纹，穿孝衣的人很多，还告诫自己快点成家吧，人一辈子不长，还有哭丧声，说同学的老师很年轻也死了，其实在现实生活中那个死了的老师是我三年前的一个同事，以前同事的脸很清晰","04"
"梦里我是一只大白兔，冷眼旁观大家的生活，具体内容记不清了，只记得大白兔红红的眼睛。   梦见我躲人，藏到别人家里，追捕者也来到了该屋子，我躲在另一个房间，结果主人开门了，我只好躲在主人身后，但感觉追捕者发现了自己。","04"
"梦到跟妈妈去银行存钱，当时拿红袋子装的，打出租车时司机非要打开看，中间还上来一个人，跟我们坐在一起，后来车子停了，走了好长一段路，我记得穿过游戏厅还是理发店进去才是，很害怕，存钱的时候发现，原来有一大沓二十的不见了，全变成一百的了，总数好像比之前的要多些","04"
"进考场需要两张纸大的有小的忘记夹在哪里了找不到在考场外面等，考场外有桌子，桌子上有好多现在学习的书，同学有卷子让我帮她们做题，后来生气了，没有帮她们做，我自己就在书里面翻找，找不到，我旁边那个男的不知道从哪里弄来的卷子已经做起来了.","01"
"梦到去世的妈妈还活着，我看她的鞋那么旧，要去给买一双中跟皮鞋。梦到去世的妈妈还活着，我看她的鞋那么旧，要去给买一双中跟皮鞋。梦到去世的妈妈还活着，我看她的鞋那么旧，要去给买一双中跟皮鞋。梦到去世的妈妈还活着，我看她的鞋那么旧，要去给买一双中跟皮鞋。梦到去世的妈妈还活着，我看她的鞋那么旧，要去给买一双中跟皮鞋。梦到去世的妈妈还活着，我看她的鞋那么旧，要去给买一双中跟皮鞋。","02"
"梦见去世了2年的父亲叫我打电话给他，梦境中，我去世的父亲让我给他打电话，所以我死命的记那个电话号码，还在笔记本上记那个号码，后来记得很清楚，醒过来了还是记得的，那个号码还是147开头的，老公听我说了硬要打一个电话过去，我没让，后来网上查询了下归属地，是河北秦皇岛","02"
"梦见蛇咬了我的左小腿，我的小时候的玩伴帮我把蛇拿掉了，让我不停的踢腿好吧毒血甩出来，不踢腿伤口不流血踢腿就甩出两三点血，梦到以前和我有过节的同学作势要用手挤我的伤口最后和帮我拿蛇的玩伴互相笑了下也没挤，其他的也不太记得了","06"
"梦中梦见自己找到一个地方洗澡，是一个很大的澡堂，好像是男女公用的，一段时间是男的用，一段时间是女的用。里面是左右都有，同时有几个大隔断，每个隔断里面有一些水龙头，就像学校里面的公共澡堂。我很想洗澡了，所以找了一个大概是傍晚的时间去澡堂洗澡，发现里面一个人都没有。然后我把外面的门反锁了，门的旁边有个小看门的一样的房间，从那里也可以进来，但是进来的路被堵着，小房间里面有电视，好像看守澡堂的在看电视。        到澡堂里准备洗澡，可是刚好看见我的一个表哥在里面洗澡，我很不好意思，所以打算等他洗完再洗。我到另外的地方淋了一会，有的水龙头水很大，有的水很小，穿着衣服，不敢脱了衣服洗澡。（我觉得梦中表哥很像我的前男友，我前男友学历不高，后来也用函授的方式拿到了本科文凭，表哥这个人有点固执，但是也是一个好人，喜欢喝酒。）然后表哥告诉我，他那个水龙头的水水温合适，水也很大，等他洗完然后我再在他那里洗，我说好。于是我一直等啊等。        直到后来门口等了几个人，打不开澡堂，但是貌似有一个钥匙准备打开一个反锁，但是澡堂的反锁有很多个的，要所有钥匙都齐了才能打开。我也放心了，于是我从里面到门口小屋门口，在澡堂里看那个小屋里面的电视等表哥洗完澡，但是他一直没有洗完。我担心会不会没时间了，大家都在等着，我有点不好意思。最后我梦见有个钥匙在开门而且一个个的把澡堂的反锁都块打开了。梦结束了。        接着做了第二个梦。梦见有个女孩问我借衣服试一下。我穿着两件衣服，里面是短袖外面一个外套。她要借我里面的外套穿一下，那个外套是我现实生活当中昨天才穿了的，我不肯，因为我要脱给她我就没衣服穿了，而且她比较胖，我觉得她穿起来肯定很臃肿会把我的衣服挤大的。她就是要问我借穿一下，好像她妈妈也在旁边，然后他不停的跟我说要借啊什么的，不停的说，我解释说她不合适穿，也说了好多费了好多口水。她说我就穿一下，难道这个都不可以，胖不胖的不试一下才知道。我实在是说不过他，但是我要是把里面的衣服借给她试一下我就没衣服穿了，这里也没有我适合的衣服。她说你用外套包一下就可以了，我很郁闷，但是最后好像心里想的算了不跟她计较，懒的说，准备就把衣服借给他试一下，这个时候我就醒了，梦里我没有脱衣服给她。","02"
"梦见东西落在死去的邻居家，家里人（大姐和父亲）都不敢去拿.于是自己去他们家拿，看到邻居两个人（老头和老太太）已经死了，都躺在一张床上，离开的时候发现老太太活了，坐在门口，没有跟我说话，只对着我笑，还递过东西给我吃，递的是什么东西不知道，我看到父亲也在吃（父亲已经过世很多年了）。","02"
"抱着别人家的小孩站在沟坡上然后听到异常声音，接着有人说要发水了，老乡们都逃走了，随后看到家乡沟里的水自西向东猛涌而来向两侧一涨一涨的，我感觉有点冷，生怕冻着小孩，就抱着孩子去亲戚家，找了一个衣服给孩子穿上。","05"
"大伯生前有精神上的病，神志不清，最后中煤气不治而死，我梦见大伯抱着一床被子到我家说要晒被子找地方，而且说话就和正常人一样，不结巴，看起来也非常精神。并把我家每个房间门都打开看了一下，最后我也抱着我的被子和大伯晒在一块（大伯去世时我因为上学没有回家，没见他最后一面）","02"
"梦见自己在自己家地下室，说是自己家里的蛇爬在凳子下，我去拿凳子时不小心，碰了它一下，心想没事，可它来攻击我，我为了抵御它抓住它，先抓住尾巴，它甩掉了，我又抓住它头，发现它身子有一厘米处比较细快短了，我有点心疼，顺着身子往上移，想制住它看看到底怎么了，想为它做些什么，比如治疗，没想到它咬了我手，我一甩，本想甩开它，没想到竟然把它头拧断了，还有它的苦胆也破了，溅在我伤口上，我忽然觉得不疼了，。我有些惋惜它，甚至伤心。我叔叔家女儿和我从门口走过，她说我把蛇弄死了，大家都不开心，她母亲最不高兴，忽然我看到她母亲竟然做在我家门中央的门槛上，我家门是锁着的狭了一道缝，我看到她竟然没有头，我吓了一跳，可她女儿竟然没发现，我怕惹麻烦，也没管，就走了","06"
"早晨七点半醒来之后又睡着了，就梦见在别人家吃完酒席回到朋友家里，看见她弟弟在钓鱼，走近才发现在钓虾，但没钓到，突然手里多出好几条鱼都用一根绳子穿着鱼头，我到她弟旁边的小河溏看虾，手里的鱼垂到水面，河底的虾就全游上来咬鱼，我干紧把鱼往上一提还是带上来一只虾，突然我老公的小姑过来拿鱼，不知怎的虾就咬在我右手食指上，所有的腿将我食指紧紧缠住，虾","06"
"梦到坐车，先打了车票，h距离开车有一段时间，在等车开的时间买了件衣服，为了衣服上的一点小问题，跟愤然缝纫店的老板讨价还价很久。结果要开车了，司机按喇叭催促上车，我却一直跟店老板纠缠，只到他如了我的意，结果却耽误了坐车，最后坐的下一班车回的家","02"
"总是梦见老公走路不等我，我自从怀孕以来，隔不了多久就会做同一个梦。就是梦见老公在前面走，我在后面跟不上，他也不等我，醒来总是伤心欲绝，有时候梦见背了很重的东西他也不帮我背，也不等我，我怎么也跟不上。","04"
"梦到哄一个婴儿，穿红色衣服，结果不小心弄死了，很害怕，想努力救活，可是最后没成功，就特别害怕，最后醒了，梦到过不止一次，大约三次，抱着抱着就死了，有一次还拎着脖子甩着玩，有一次孩子死了就成了那件红色衣服，衣服都是那种婴儿斗蓬","01"
"我去了朋友家玩，她家的地居然是红士地，没有铺砖，她家里一个灶上有两个火，一个很旺，一个不旺，我自己用旺的那个煮了三块肉，吃了两块，把骨头扔了在炉灰上，锅里还有一块没吃汤也没吃后来也找不到朋友，也没人和我一起吃。...............没办法，不够100字不行.......","01"
"梦到黎明我出院里转了一圈,回屋转身关门发现爸爸跟在我跟在我后面,我问他去哪了,他说去某某家(我爸一朋友,离我家不远),我感觉不对就不让他进家(我爸在工厂上夜班,怎么就回来了而且没有声音)我这时就觉得他是鬼了,这时已故的奶奶突然出现在我爸旁边,院子里堆满了各种纸折(纸做的靠山,房子那类东西),但没有花圈,棺材.灵位.我就醒了","02"
"梦见我和姑妈在一个我觉得陌生的房间里，我洗白菜，然后姑妈在炒白菜，后来叫我加水，我居然莫名其妙的把洗菜的水到锅里了……我对他道歉，他说没事。后来出门又遇到姑妈的两个女儿和他的大女婿……再后来鬼使神差的在地上躺着……我就想，今天少吃点菜，要是问我拉肚子没，就说有额！结果就听到姑妈离我很近的叫我名字了……感觉好恐怖……我想起姑妈过世了！我自己","02"
"昨晚梦到有很急的事要穿那双鞋子，感觉本来就放在那里的却不见了一只，然后一直找，找到很多鞋子，远看好像和我要找的好像但近看只是颜色一样，找的过程中也试了一双，找很久也没找到，然后朋友就过来告诉我她大姨来了，让我去见见她，我还很好奇问她为什么要我去见她，然后朋友一直在那里劝我，接着就醒了","01"
"梦到和舅舅还有一个陌生的男人，来到一家豪华的洗浴中心，进房间以后发现墙角结着厚厚的蜘蛛网，上面有只大型的蜘蛛，当时我没有害怕，而是继续洗，等我出来穿好衣服，发现一只蜘蛛在我左胳膊咬我，我一撸袖子发现那只蜘蛛停在上面。。。。。然后出了洗浴中心，看到天空飞着好多巨型的飞鸟。","06"
"梦到给好多老坟磕头，磕三个，我磕过了他们都出来看着我在那磕头。最后还有三个坟没磕，左边两个，右边一个。我磕过头出来的人，都劝我不要过去磕了，说那个黄色的坟你也要磕吗？（右边那个）危险啊！是个老太太和我说的。我磕过头坟里出来的人都不让我走，说要保护我到天亮，我就睡着了……","02"
"梦见四合院里长了一棵参天大树，非常茂盛，让人感叹。院里一老一少（男）好像在给我演示如何培育这棵大树，在给树喷药或是水，动作很大。因为树实在是太大了，让人很是惊叹，都快长出四合院了，我上到院顶看这棵大树，葱葱郁郁，枝繁叶茂，整个院子只能看到这棵大树。这时那个年轻男子说这棵树上结了菠萝，压成汁让我喝，说他一回都能喝两瓶多。我尝了一口，特别酸。","02"
"昨晚上我梦到了我老公的老板和我一起站在马路边上望着马路下面的田地、然后不知怎么的 我不就知不觉的蹲在田地的边上了裤子是半脱着的好像是小便的姿势吧，还有身上好像还带着月经吧、我换下了带血的卫生巾 但却没有带新的卫生巾 然后就是站在我前面背对着我的 也就是我老公的老板就递给了我新的卫生巾，接着我们就往田地的中间走去了，田地中间是花生苗、周围的边上是小葱苗、不过一眼望去还是花生苗多一点，在梦境里最清晰的就是眼前一片绿色 让人看上去心情好清爽和愉快，还有通过田地我们看到了田地对面的马路还有过往的车辆，过了一会我老公就在我旁边了、我就和我老公在田地里看了起来，我看得很仔细花生苗的田地里还有少量的杂草、不过我并没有拔掉 后来才知道是我老公的老板让我们给他干活呢、就是要把花生苗中间的小芽掐掉，就是像掐棉花头一样的那种，还有我还看到了田地的那头有几个女的 看起来也像是干活的吧，后面我就醒了... 再补充一句在和我老公一起在看田地期间还说了几句话 具体说的什么不知道 好像还被他老板听见了还接了一句 也不知道是什么...","02"
"回家开门，梦到家里的门很难开， 只要超过30秒 就会有一帮长相奇怪的人拿着凶器 上楼 对着我上来就砍  我也莫名其妙的跟他相互厮杀- -但是丝毫觉不出疼痛。 但是明明已经打开了门自己已经进去了，但是看到奇怪的人 上楼了  我又奇怪的 在门外跟他们打...  他们不是一块冲上来 是一个一个的上梦到两次了。","02"
"我和我的朋友们在一家酒店里吃饭聊天＇＇突然闯进来两个男人人＇＇一个是醉着的＇＇一个清醒的＇＇我们正聊着呢＇＇那个醉酒的貌似在问我们什么＇＇之后就一瞬间的事＇＇也不知说了什么＇那个醉酒的上来就是一拳＇打在我朋友的脸上＇＇我朋友刚要还手＇他突然又打了一拳＇直接把我朋友打晕了＇＇我看不下去了＇＇我就和那个醉酒的打起来了＇＇那个醉酒的大约在三四十","02"
"人很多象是搞活动样，有点象乱的梦，男的很多那东东硬不起，在一个屋里等待，要我们很多都去接待他们，他们那东东硬起后我们就按顺序和他们做爱，结果我排到的是个小女孩，她生殖器成了男的，刚硬起带进屋她说要解小便结果就没有做成","05"
"梦见在大马路上有一大群兔子从左往右的行走，然后一只兔子停下来向我走来，然后我抱着它，抚摸它，然后它咬了我的右手手指，感觉有点疼但是没有咬破就拿开了。  本人女，25岁未婚","06"
"今天早上，四五点的样子做的梦，梦见一条绿蛇，梦里这条绿蛇跟别的不太一样，然后它就追我，反正意思就是要咬我，从我们家门前，一直穿过我家里，摆脱它了之后，我在我家后面玩，它又窜出来追我，摆脱了之后，反正换了一个地方，又窜出来追我，反正三五个地方都这样，突然窜出来追我，我那个时候心里超怕它咬到我，所以跑啊跳的，后来有点吓醒了，醒了之后继续睡，就没梦到了。不知道这个情况说明什么？求大师解答，谢谢","02"
"今天晚上梦到大暴乱，做了一个掉了一个门子的汽车，最后梦到被流浪狗咬。这是什么意思？求大师解答","06"
" 在做这个梦前2天晚上，是早上6点多钟的时候梦的。我梦到我女朋友冷冰冰的看着我，然后拿起匕首刺向我；我啊的一声尖叫，把隔壁的父母吓醒了。过来看我还在睡，但是在擦眼泪，我只擦了左眼一滴眼泪，我当时有点意识。结果当天晚上我女朋友就在网上说要和分手，但也正八经儿当面说分手，还戒指。隔了一天又做了我变成新娘这个梦。","01"
"梦到逝去的母亲口中衔针，都穿好线的，她说她要纳鞋垫。","02"
"索性我决定回去找他们。朋友B随我一同返回，知道我要揍朋友A并且试图阻拦我。我没有理睬，到了朋友A与女友吃饭的地方。我在路边拣起了一块砖头。是那种红色的板砖，我感觉有些长，无法藏匿于身上。就敲掉了1/3。隐藏在自己的衣袖内。坐上了电梯，直接到了3楼。看见了朋友A与女友正做出亲昵的动作。当时我火冒三丈，（我心里想，我要把他叫出来再揍他。我问他是不是男人，如果他回答是，那么他随我下楼，如果回答不是。我也管不了那么多了， 我当场就会揍他。）“你是不是男人”“是”“随我下楼！”他站起身，我直接拿出板砖就往他头上拍，一边拍一边拖着他走。再殴打他的过程中，我还和他说了一句话。“我们三年的感情，被你到来的一个月毁坏了。”他说道“考试中的与你坐面对面的女孩，都是小女人。”我没听懂，我只记得我一直在用砖头拍他的头。但是不知道为什么一直没有出血，我感觉我用了很大的力。从3楼坐电梯下到了2楼，朋友A就不见了（可能是我把他打晕过去扔一边了吧），在2楼电梯口，碰见了3个长得还不错的服务员，对我说道：“你女朋友和一个男的在3楼呢，”我当时心里一痛，决定去调戏一下服务员。就过去抱了她一下，她回头茫然的看了一我眼，我的梦就如此的结束了。以上就是我梦的内容了，请老师帮助给予解答。","02"
"你好，前天晚上我梦见我在大街上走，不知道是谁家养的大蟒蛇跑出来了，把我缠住，咬伤了我的脸和两只胳膊，最后蛇跑了，好像是养蛇的主人拿来了药水给我涂抹了伤口，很快伤口就好了一些。我，男，36岁，有一男孩。请大师指点！","06"
"早上七点吓醒的，梦见我亲戚考上大学了，我高兴， 去她家的时候看到一只老鼠，我俩就一起打老鼠，后来老鼠装死，我亲戚就不管了，结果它就起来就追着我咬我脚，给我吓得蹦起来了。。求解。我20，女","06"
"我在我家的平房不知道突然从哪里来了一只蝙蝠就追着咬我最后我跑到外面用土丢它被它咬到后背还流血了就吓醒了怎么回事","06"
"我是女的，梦到车上有白花，梦中还有已经去世的母亲，抱着母亲说以后都要在一起生活","02"
"梦见给已故的妈妈洗澡，没有讲话就感觉是妈妈，在那躺着我给她搓澡。","02"
"做的梦感觉不好: 梦见好多人坐在礼堂里, 都穿的白衣服, 好像参加自己的葬礼, 哥哥还讨论自己的身后财产; 同时昨夜老婆做梦梦见类似的情况: 梦见她自己重回单身宿舍住, 还拿了我的手机, 正好这几天 不舒服, 好恐怖的梦啊","04"
"梦见见到前女友，然后有了性关系，看到她有麻烦，过得很不好，接着看见她的男友过得挺差劲，我看着觉得那男的真的很差劲，过得比我差多了！请问大师，这是什么理论？还有就是做梦自己为母亲赎罪，看着前女友在为自己的过错付出代价时，我竟然说她怎么当初要这样！反正很乱的梦，求大师解释，谢谢","05"
"我梦见，老家老房子 ，外婆你在家，我刚回家一看，家里的门衣柜，和什么 总之能打开的 都是开的 。我立马发现家里是来贼了、 我打电话外婆说家里被偷了问外婆有什么贵重东西吗，外婆回答 有现金 现金1000元 之后外婆赶回来 一直在哪里哭","02"
"昨夜梦到自己跟一个人（感觉很熟悉，但是看不到脸）去海边，光脚站在沙滩上，结果不一会海水就慢慢涨起来，快要碰到脚的时候我就躲开，往后退，结果心里总觉得会海水会涨起来，就跑到岸上，可是海水却退回去了，而且还退得好奇怪，退到很远很远的地方，都看见海底了。正松了一口气的时候，海水又来了，而且突然出现了一个石头做的坝，不规则的，海水就从石头缝里流出来，接着我就醒了，看时间是1点半左右。请问这个梦预示了什么？最近总是做预知梦，都应验了，很担心又有什么事发生","05"
"梦见老家发生地震，使得家门口侧面出现了很深的渠，不知道是何寓意。","03"
"昨天先梦到和老公在一起睡觉~然后我想上厕所然后就起来上厕所~但是那个厕所是公厕我就去了第二格公厕的那种地面都可以反光撒~然后我就反光看到我旁边有个人~然后转头又没人~然后我仔细盯着地面看就看到有个吊死的人在我旁边~~~我想叫又叫不出来~然后我就“醒”了~喊我妈但是喊不出声全声就只有脚能动~我就拿脚去点还是没醒~然后我朦朦胧胧看到窗帘那吊了个人~然后我想喊不答应我就念南无阿弥陀佛一直念就醒了~而且那个人是我多年不见的同学~应该说都该忘记她长啥样的~以前也不经常说话的那种~","04"
"昨晚梦到自己没穿衣服在河里洗澡，后来河水变得很急，再到后面。却干了，我一直往上流走，结果河水又开始流下来了，又变得很急。是什么意思啊？","05"
"做梦梦见死去的外婆。外婆是长癌动手术，医疗事故死的。做梦梦见外婆活过来了，又去了我同学介绍的医院做手术，手术很成功，然后外婆好像说了要是之前在别的医院做手术的话也许就好了的话。 前半个梦是这样的，后半个梦模糊记得是有很多鬼，整个医院都有，我在躲贵。 外婆一直是笑着的。","02"
"梦里因为孩子跟陌生女人吵架，对方拿出一把大剪刀剪掉了我的一缕头发，我一生气，抢过了她的剪刀把她剃成了光头。不管怎样，整天做各种奇怪的梦，神经衰弱是一定的了~~~","02"
"梦见外面下雨 房子漏水，我还有扫把把水清理掉 什么意思呀？","05"
"首先，谢谢大师的帮助。梦里我所在的楼房与发生坍塌的楼房呈90°角，楼房坍塌后废墟在我的窗下，如此看来，应该是属于向外坍塌，谢谢大师指点。另外，第二天又做了一个梦，一排鞋子，很多双，每个鞋上面都有流苏装饰，流苏全部都是三根，中间的长两侧的短，而我把每双鞋子上的从我的角度看右侧的略短的流苏都扯了下来，这又意味着什么呢？梦里的我在扯流苏似乎是在被要求做一个心理测试，根据我所取得的流苏的形状判断什么，结果我扯下的流苏都是长的，而实际上是有圆形流苏的，请大师指点，多谢！","03"
"梦见在一个学校里面 新建的宿舍楼还没有建好，我们认识里面的承包商，跟他说这个房子建的不好的事情，然后在我准备离开的时候房子突然很摇晃，接着就向一边倒去，我们还在房子里面，因为是高楼，我们在最高层，倒下后没有人受伤，这时我找到了窗口，然后大家就一起逃了出去。 这个是什么意思啊","03"
"第三个画面：好像和别人发生了官司，我被诬陷，朋友帮我用了些手段，赢了官司，但总的感觉不是在正常法庭，这个画面记得不是很清楚。","02"
"大师，我今天5点多做梦，梦见我去抓一个复仇的女人，结果被蛇咬伤了左腿。别人说只要1个礼拜就能好，结果我的腿两个月都没好。","06"
"梦见有人说今天太阳升不起来了，我看见海平面上升起了一个巨大的太阳，觉得没事。接着太阳上面出现了巨浪般的大水把太阳掩盖了。海面上也起了巨浪海啸，于是我开始逃跑，逃跑中出现了一个声音问：“你能跑到哪。”我看一群人往房屋里跑，我觉得那样死路一条就往前冲，发现前面迎面又来了一层巨浪，没地方躲了，只好拼命往前冲，准备往上跳。于是醒了。","01"
"本人女的。昨天晚上做梦，自己掉河里了。没有被呛到。因为穿这羽绒服，所以自己又漂起来了。","05"
"在露天的地方吃饭，同桌有人，不认识，没吃几口就下雨了，越下越大，我很快吃完了，就醒了","05"
"昨夜今晨，梦见在自己大学的寝室里（大学毕业已经八年），亲眼看着旁边的一栋居民楼坍塌，楼房坍塌后留下的废墟就在自己寝室的窗下，因为废墟很高，担心坍塌楼房里的人会沿着窗户爬上来，立即关了窗户，之后又觉得应该帮助遇难的人，于是接过了一个从窗户送进来的小男孩。自己一直在哭，似乎在为这场灾难，哭的很伤心，接过小男孩后跟他对话如下：你几岁了？1岁。属什么的？龙。小孩很小，似乎还不会走路，我就一直托着他的腋下抱着，她的妈妈稍后也通过楼梯来到了我的房间。楼下废墟上很多幸存的人在载歌载舞，似乎在庆祝自己的大难不死，没有看到人员伤亡的血腥场面。","03"
"梦见我给什么捉（忘记是给人捉还是给动物捉了），不断摆脱，摆脱后，一条小腿被蝙蝠钳住，蝙蝠有两个巴掌的大小，我用力掰，掰开甩开了蝙蝠，蝙蝠又钳住了我的另一条小腿，我再用力掰，掰开甩开了蝙蝠。","06"
"昨天晚上梦到我送女朋友回家她说马上到了于是就一个人走了进去突然后面出现个男人我不放心就追过去看了一下发现我女朋友跟她肩搭肩十分亲热很明显她出轨了，于是我冲上前去把那男的打了。女朋友就跑了 在也找不到","02"
"我梦见我的舅舅和舅妈了，他们在14年前就丧生在一场大火中了，  我梦见他们又回到我的现实生活当中来了，，，","02"
"妈妈去世后，做梦梦见过两次跟妈妈相关的事情，让我百思不得其解。请教有什么意思？","02"
" 我的妻子，昨天晚上梦见我在门口烧东西（但是没看见火，意思就是我烧了）少的东西冒起一股黑烟，然后我的妻子问我这是什么，我说这是铅，然后妻子看见冒起的黑烟被我吸进鼻子里了，就在她看见我吸进黑烟紧接着她就醒了看见我在咳嗽，然后我就咳醒了，一直咳了差不多半个小时，然后就没什么感觉了 .........心里很担心，不知道是什么征兆，听别人说梦见黑烟不好，但是是我吸进去了，所以不敢肯定到底是对我不好还是我妻子不好，也不知道为什么妻子会做这样的梦，不求大富大贵这辈子只想平平安安，现在被这个梦烦扰的心神不宁，求大师给予指点，万分感激","04"
"我有两次梦到同一个坟，第一次是梦中出现一个老太太，是外婆的形象，她告诉我她想移坟。但是到了墓地，却不是她的坟（实际上我外婆是与我外公合葬在一起，而且墓是在他们老家，而不是在我们家那里），而是我们家土地边上一个坟。那坟有些坏了，棺材都露出了一些，当时梦里也没有多想，就认为她是我们外婆一样，请人帮忙在梦里给整理，把坟挖开，整理遗骨什么的，梦里那骨头感觉还是莹白如玉的，后来就醒了。","04"
"梦到返回初中上学去上厕所，厕所里全是屎，自己上厕所蹲了半天，肚子还难受，最后走的时候从坑里窜出一只全身都是屎的猫，老是跟跟着我，怎么打都不走，最后求助别人，给了一条鞭子把它打跑了","02"
"大师昨晚做个梦 梦见自己站在很高的医院楼顶往下望很害怕，想下去又下不去，后来去找出口，但看到墙上满是血顺着走过去看到两人在打架其中一人满身是血，自己又被吓到了","04"
"梦见被鬼打，去逝1-2天的男友在我旁边哭泣。我是真的被打，早上早早起来脸部很痛，照镜子看脸都红红的有点发紫。","06"
"梦见母亲死去，自己悲痛欲绝。这时暗恋中的男生突然向自己表白，我的心情才稍稍平复。请问预示着什么呢","04"
"晚上做梦，梦到在一家饭店吃饭，一个男人和他老婆总是虐待他们的女儿，我男友和他朋友看不下去，就和那男人吵了起来，男友的朋友一气之下拿起酒瓶摔碎把那虐待女儿的男人捅死了，捅的是脖子，所以死相比较难看。我很害怕，男友让我先带着其他朋友们回家，他和他朋友去抛尸。回来后男友说：“没事，如果警察来找，就说是我干的！”然后我就一直提心吊胆，路上走着都害怕警察追捕。第二天，男友骑着自行车带我去看抛尸的地点，是一个菜市场，血被土埋了，但是还能看见红色，尸体被弄走了，但是有一段肉还留在地上，男友说是那男人老婆的肉。- -！！菜市场的人看着都很平和，一点都看不出来发现过尸体的现象，也不知道他们报警了没有。但是我还是特害怕，一直劝男友自首。。。。","04"
"梦到了一片路，我在湖里游泳，在湖中我看到远处的岸边，我往岸边游，当游到岸边的时候，变成了悬崖峭壁，无法上岸。","05"
"中午在单位办公室午睡的时候梦见自己醒来打开窗帘发现外面下着暴雨，一片漆黑，然后不停担心自己下午下班怎么回家，梦境非常真切，醒来场景记忆犹新，求大师解梦","05"
"我的一个朋友梦到去世的爷爷来北京了 而她现在也在北京上班 这是预示着什么啊","02"
"半夜梦见已经故去的工友在办公室用椅子档我进屋，但是回想好像也不是有意识档我就是他做在门口，但是椅子离办公桌远了，坐在门附近的造成档我进屋我没有和他说话。我会回到我的办公桌。这个是怎么回事。我元宵节做的梦日，今天十六我过生日的。","02"
"前晚梦见我去找我先生，然后到了一个小山洞中，找不到他，却发现他养的蛇，结果我被蛇咬了手指，有毒的，好在我先生给我弄来了血清，才不至于丧命。昨晚我梦见自己的尸体在医院的一间房内，已经发臭了，医生让我坐到自己的尸体跟前去遗言，而我在遗言中却要求我老公在我死后一定要在我QQ上公布我的死讯，其实梦中我意识到自己并没有死，只是因为得了很重的妇科病需要手术，医生怕我会死所以才要求写遗言，但为什么我没死却能到自己的尸体，而且无论是梦中还是现实我都很害怕尸体，这代表什么","06"
"梦到自己正睡觉 突然醒了  看见有两个男的 站在我旁边 我看呢俩男的眼神不对 我刚准备跑 就被他们摁住了 有个男的 直接拿手捅进我喉咙 让我呼吸不了 我就一直憋得气  拿手往出揪他的手 怎么揪都出不来 我感觉自己快憋不住了 我就拿腿可他下部一直磕 磕一下我就难呼吸一下 磕了几下以后 我就死了","04"
"梦见朋友之前给了我一只特别红的口红、外面的口红管包装也特别的红、我一直没涂、我老公哥们的媳妇来我们家我给她涂、涂上不是那么的红~老感觉做梦梦到红色不太好呢、睡觉之前还失眠~","01"
"一条很小的白蛇，我需要往它后颈椎放置一个什么东西，就可以让它变得很温顺，之类的。然后我们在一个很小的空间里，左右两列格子，它在左边那列最底层，我在右边那两列最上层，我们在互相躲避对方，后来突然之间，妈妈睡在右边上层，我挑到左边上层，看到小白蛇钻进妈妈被子，看得到它的小尾巴，我开始惊呼，掀开妈妈的被子，结果并没有它的影子，后来就到处找小白蛇，貌似找到一口压水井的旁边，看到有很多妇女在洗菜和洗衣服之类的，小白蛇也不见了，然后就醒了。","04"
"做梦梦见我在诊所萍水相逢的一个人，她带我去她的公司上班，途中准备坐轮船，她告诉我说行李会打湿，我回头检查行李被水泡湿了，当我坐上轮船后，她又说高级别的人才能在豪华轮船上办公，我看了看办公环境很不错，轮船我最终还是到了她的公司。","05"
"我未婚没有儿女，昨临近天亮醒过来一次又睡去，梦见有一男人带了一个又瘦又黑的女孩到我身边，告诉我说是我的女儿，小女孩自顾自的玩着，我大声说：不是我的女儿，又瘦又黑的我不喜欢。可看着小女孩很懂事，不哭也不闹，又有点疼惜起来，就想帮她洗干净打扮她漂亮些，就抱起小女孩往家的方向走，小女孩也紧紧的抱着我，可回到家里，到处都有有人在，去到自己的房间和床上都住着别人。很纳凉就醒了。想知道这个梦有什么预示。谢谢大师。","02"
"1、梦到跟朋友去银行办业务，结果在排队的时候，突然进来好几个蒙面抢银行的！后来抢银行的还逼我去给他们去挖银行的宝藏，挖到一箱白金后，就有两个抢银行的商量是不是要杀我灭口……","01"
"我梦到自己死了，是不知道自己是怎么死的！我记得深刻的一句话，有个人说死鬼和地府鬼是不一样的。我不甘心就这么死了，我就哭起来，哭着哭着，我就醒了。醒来的时候我还哭着，请问这是预兆什么？","04"
"昨晚梦见自己去菜市场买了一节甘蔗吃，吃着吃着又看见有一三轮车的甘蔗，三轮车上的甘蔗已经学好皮，切成一口一块的大小，我拿去几块试吃，硬硬的甘蔗令我的牙齿差不多不够力气咬了。梦见自己吃甘蔗是第一次，不知有什么预兆？请大师解梦，谢谢大师！","03"
"我母亲5月过世了，我很想她，经常梦见她。上几天我梦见她回家帮我做一些杂事，我想：母亲不是已去世了吗？怎么还能回家？是不是只是一个灵魂？我走过去摸摸她，感到了她的证实的身躯，证实的手臂，我很高兴，妈妈可以回来见我了，而且不是灵魂，可能还活着。后来妈妈在昏暗的阳台上弹起了吉他（其实生前她并不会弹吉他），之后又帮我做了些杂事，后来的梦就想不起来了。请大师解梦，谢谢大师！","02"
"上几天晚上梦见在屋外有条大黄狗正在和我养的小狗玩，越玩越激烈，我担心他咬伤我的小狗，拼命地赶他走，结果他就来追我，我跑到一个1米*2米的小房间想躲起来，结果小房间的门有个洞，大黄狗就钻了进来，我没办法，两脚往两面墙撑着往上蹬，不让狗咬到我，还拼命往狗嘴里插铁线，好不容易把狗弄走，第二条大黄狗又从门洞里钻了进来，我两脚拼命地在两面墙往上蹬，之后的梦就想不起来了。请大师解梦，谢谢大师！","01"
"昨天晚上我做梦：梦见我的一个男同事说小明的你的食指发炎了，掰断了吧。我看看确实是左手食指发炎了，还能看见骨头，刚要自己去掰断了，忽然我身边的另一个女同事就给就给我掰断了（忘记她是怎么掰断的，醒来想想她站的位置要掰断我的手指是有点难度。） ","06"
"梦见我在水里走，很多乌龟和甲鱼也在水里，还有的好像爬到我背上了，求解是什么意思？","05"
"我昨晚梦见一只黑色大蝙蝠飞进我的房间里，当时的我躺在床上睡觉，然后它飞到我手上咬了一口没有出血把我咬醒了，后来我在赶它走，突然之间它掉在我被子上，我吓了一跳的时候又给它咬了一口也没有见血，后来有人进来帮我抓住了蝙蝠，把它拿到灯光下想看清楚它时又咬了我一口也没有见血，那只蝙蝠总共咬在我手上三次，三次都没有流血。","06"
"梦到一个好像我很熟悉的漂亮女孩子一起玩的时候发现她勾引即将跟我成为男女朋友的一个男孩子，我心灰意冷放弃那个男孩子之后，就跟一帮朋友组织划船比赛，我跟一个好像很熟悉朋友（女孩子），在夜晚划船，心里总想着划船会遇到很多困难，没想到很顺利。突然有一只老鹰冲过来好像要影响我划船，我举起船桨打死了老鹰。请问大师这代表什么呢？我今年21岁，还没有工作。","05"
"昨天晚上做了两个梦，第一个梦梦见摔了打火机，起蓝火，面积很小，烧了一会儿就变红，把整个房子都烧了，然后一老太太来念叨了什么火就慢慢止住了，第二个梦梦见一个小孩儿说不信，当我面把打火机砸了，后来出现橙色的火，后天也变成漫天大红火把教学楼烧了，也是那个老人用同样的方法止住的。","01"
"最近不知道怎么了·经常梦见死去的外公又在生活当中出现而且又死了，就是梦见死去的人在生活中出现又死去··那位大仙指点下有什么兆头","02"
"做梦梦见几个同事在打牌，有一个关系很好的，一个看不上眼的，我再给他们分牌，分着分着就吵起来了，非说牌分错了，后来就不想搭理了，就进去打牌后面的一个小玻璃房，结果进去之后发现满地的黑色的小鸡，我怕踩着，就用脚把他们划拉开踩进去脚，发现满地还有长草，有人吆喝是狗尾巴草，但是我看着不是，梦里也确实不是。","02"
"2012 9 9 号，我梦见了我的爷爷奶奶，我不记得大概的故事是什么，但是周围的环境是乡村里头，爷爷当时站在乡村房屋的屋顶，乡村的房屋是两层楼型的，当时我路过就刚好看到了爷爷站在那个上面，然后这时候我一直喊他，但是他却没有回应我，而是一直看着前方，而这时候我喊了很久他依然没有回应，就跑到车上把我家里的奶奶（奶奶在今年也过世了）喊下了车，我告诉他爷爷在哪里，但是我现在记不清是怎么来到这个地方，甚至不知道其他人，也许还有家人，真的不太记得，但是我确定我绝对是在做梦，我奶奶再被我拉过来的时候，她看到楼上的爷爷也一直不停的喊，然后我就醒了，请问大师这表示什么。因为这是我第一次梦见自己已故的亲人，本人19岁，大学生","02"
"我昨晚梦到自己和一个人杀了2个不认识的人，是他们把我们抓起来然后我们就想办法用一个铁块在他们头部打下去死了。。。。怎么办，有点害怕！！！求解","04"
" 梦见被昆虫，老鼠咬，只咬脚踝。","06"
"做梦梦见在一栋楼里，一个人都不认识，一开始是一个人上上下下不停的跑，像是躲避什么东西，有一个女的，长得挺漂亮的，会掐死所有她看到的人，要掐死我的时候，她的力气很大，掐着我的脖子我都睁不开，有一个男的突然出现救了我。但是这个男的，就想要侵犯我。然后又是不停的跑，碰到女的男的。再后来，就记不清了","04"
"昨晚我发了一个梦，一开始的时候说我表哥的女朋友在旅游的时候卑人杀了，然后这个梦又换了一个场景，这次是说有一个人被绑架了（这个人我不清楚是谁，但好像是有关系的），要求我们拿金项链去换人，那时金项链在一个陌生的男子中，他答应一起去帮我们救人，便跟我们一起去换人了，但是当劫匪问他金项链呢，他却说：项链掉了，在XX学校的一个石缝里，当时劫匪很生气，就在这时，梦的场景又换到了原来的杀人案了，我表哥突然想起，他的女朋友在乘车过来的时候一直望着窗外的风景，似乎很迷恋这些地方似的，猜想她可能会在旅游的时候走了过来参观途中被人杀了！就立刻沿着旅游车走过的路再开车走了一遍，一路上只发现了一条神秘的巷，我们沿着路一直走，发现那条巷是通往一个废墟的！又在这时，场景又换了，这次的地方很寂静，只有一间屋，里面住这3个人（一对夫妻，一个7、8岁左右的孩子），那个女的在家门口发现了两把匕首，就突然人变得疯疯癫癫的，竟然拿着匕首再一个小沙丘上狂砍，这时，他的老公出来了，手上拿这一把大刀（像古时砍首的刀），满眼的愤怒，把她的妻子、儿子先后杀掉，然后自杀，杀人的手法都是割喉。","04"
"梦到去世的妈妈，还一起出去玩，就像她还活着，只是我们没有讲过话","02"
"刚刚做了一个梦。梦到在家附近听说有人杀人了，就和别人一起去追凶手。追了一会 ，就梦到和妻子躺在家里床上，聊有人杀人这件事，突然发现有人在卧室门外，是二十多的小伙子，他推门进来，双手握在剑柄下的剑刃上，从上向下扎我。妻子吓的抱紧了我，我正要推开妻子和他搏斗，就醒了。求大师解惑","04"
"在大前天晚上，梦到了去世十多年的爷爷，坐在农村老家的厨屋门口，背对着门，面朝西。对我说，他就要死了。 爷爷生前寡言，我与他感情一般。梦中听到他说快死了，上前抱住他喊着“爷爷”大哭，醒了。除了奶奶去世前半年梦到过爷爷问我要墙上刻的字，有八九年从没有梦到过。","02"
"刚才凌晨做梦，和妈妈去超市回来路上碰到去世二十多年的姥姥。姥姥坐着奇怪的两三层的推车，我看着她比以前白了胖了点，有年轻一点的女的正细细的抹脸，用一种增白的护肤品。姥姥说有哪个人要结婚，她要去帮忙的意思。然后姥姥好像对我不像小时候那么亲切，有点不太在意的样子。她问我是不是在高速办公定上班——其实我不是的，但也挨一点边吧。我们拉家常的时候，我开始回忆姥姥家的样子，我说我记得哪个位置是什么房间什么东西。其实那是我上幼儿园时期的记忆。姥姥说嗯你还都记得呢，就是西墙的柴堆不是的。好像模模糊糊知道姥姥其实已经去世了的，又觉得她对我的态度有点淡。我坐在推车最上层最前头，背对着姥姥，捂着嘴一直流泪，我知道她早已经不在了，竟然又能见到，就控制不了一直在流泪。哭醒了，一看早上六点多。小时候很亲姥姥，但多年以前也没有梦到过。","02"
"梦到我跟我过世奶奶吵架，我说我奶奶连自己的孙女都害，然后我奶奶就一直嚷嚷说：“没有西瓜，南瓜，冬瓜，什么瓜也没有了。”","02"
"梦见翡翠绿颜色还是比较透明的蜘蛛，在自己的食指上咬一口，然后食指血肉就开始开始一层一层剥落，就是昨天晚上做的梦","06"
"梦到妈妈跟妹妹说要是有什么不顺心的事可以拿我出气。我就生气的和妈妈大吵，妈妈也反驳，两人十指相扣，胡想推搡。爷爷奶奶在旁边也不阻拦。","03"
"梦见被人抢劫割伤了手掌流血了，但是那个抢劫的没有为难我，挺好的，完了又梦见了外婆的家，梦见外婆趟在棺材里，就跟她去世时我看见的一样，完了我出到屋子外面竟然又看见了外婆还像往常一样从地里回来，手里拿了好多东西，我想上去抱她，但是还没到她边上，她就很凶的走开了，接着又梦见我跟爸妈去看演出，演出的礼堂竟然一直漏水，可我们身上是干的，等坐到座位上不久水又不漏了，接着我们来到集市，我一会不知道怎么的没穿衣服，好像是我自己脱的，完了我趁没人注意又找了条裙子穿上了，从一起来就困扰我很久了，希望能解答一下","02"
"梦中在母亲病故时候的家里，回家突然发现母亲活着，母亲告诉我她是被我父亲和现在的母亲害的，她没有死，而且还让我不要走，让我陪着她一起生活。","02"
"我梦见自己下身没有穿衣服出现在公共场合，那种感觉非常难受，想找衣服穿好像又找不到。请大师帮忙解梦。","01"
"昨晚做梦梦到有架飞机在我的大学里面坠毁，飞机没爆炸，过去看了下里面也没有尸体但有个手机，手机又不小心被我掉在了飞机的厕所里，然后用手去找，摸不到手机而摸到了屎。求周公解梦下","02"
"昨晚梦见我在枣树林里采青枣，采集下来的枣不多，还有些小，正在我自言自语说不到十万斤时有个面善的男人站在我面前，抓起了一把小枣，然后手面向下松开，手里一直撒落又大又圆的青枣，一会我面前就堆起了青枣小山堆，我盘坐在枣前，他说这下有十万斤了吧，我说比十万斤多多了，然后那个高大的男人就不见了。请大师指点这对我近期的生意有何预示，或是其他什么预示。","02"
"梦见自己给小侄子过生日，却被他的父母轰出来了，并且断绝了关系，出门走了不多远，被烟花点着了身上的衣服，很快把外面的羽绒服烧掉了，要烧到自己的时候我躺在地上自救把火压灭了。","01"
"昨天晚上做了个梦。突然感觉世界末日的到来。整个城市开始慌乱。突然很大的水涌入整个城市。在涨水的过程很明显涨得很快。所有人都在逃亡。有些人被卷入水中房屋都被淹没和冲垮。。我和一部分人逃在了整个城市的最高处。水不停的追赶着我们。感觉很快就要被淹没了。当跑到山顶上在一家医院躲避。当水就快要把我们淹没的时候。水突然停了没有在涨了。顿时一片安宁。感觉突然一切都很美好很和谐。之后隐隐约约的感觉水慢慢的退去","05"
"大师您好！我的母亲今年5月去世了，我很伤心！很孤独！同时想到四十多年前我5岁时，外婆去世时，我的母亲一定很伤心！很孤独！很无助！却一直把伤心埋在心底从来不说，感到母亲一辈子很辛苦！上周做了一个梦，梦见外婆和我说话，大概是说她以前不应同意我母亲来这里生活，去其他地方生活的话，母亲就不会这么早去世，这辈子也不至于一点幸福也没有。大师请解此梦，谢谢！","02"
"我2012年8.19号梦见一口井里有一个蛇，蛇对我讲：“我本来要冬眠的，你们抓我干嘛?”我跟另一个人就两只手掐着眼镜蛇的脖子，让大家观看，后来蛇对我们吐了毒液！吐到我的后背，我的后背就掉了一层皮，我就吓醒了，当时凌晨三点多！请问大师此梦什么意思？","06"
"昨晚梦见登上一个古老的山，来到一个是寺庙，正对我的是正殿，里面供奉的是佛祖，佛祖前面是个大肚笑佛，我叩拜后，右手边殿堂里中间是位女菩萨，左右两边是她的孩子，右边的孩子是管降雨的，傾刻雷雨交加，我质问道，这样下雨，会让很多人无家可归的，不知此梦何解？请大师指点！","05"
"大师您好，我有几次梦见在类似于很大的河塘的水边，里面有一些鱼（有的时候梦见的是大鱼，有的时候梦见的是小鱼），我为什么总是做这样的梦呢？","05"
"我昨天梦见临睡觉时 一枝开的十分好看的 粉白樱花从窗外悄悄钻进了我房间 正好罩在我床上方 。。。记得那樱花开的十分温柔 模模糊糊感觉很平安喜乐 忍不住就伸手想摘一朵。。。然后就发现花枝上停着只褐色蝴蝶 我正瞧着欢喜 那东西突然回头 我才发现是一只蝙蝠。。当时有点害怕 就叫弟弟过来把它赶走 然后弟弟用扫把把它吓下来后 它正要被赶出窗外时突然转过身 睁着双蓝色眼睛冲我飞过来。。我以为它要咬我脖子就被吓醒了。。很清晰的梦。。","01"
"大师： 刚才做梦，梦到我做事被电到后，我的右手前臂里面空了，只有骨头架子和一些经脉，但是手还能动，没有肉了！请大师点拨一下","06"
"好像是和老婆一起上厕所，厕所分左右两边，我先进看见门上是女厕所，就没有推门，走到另一边门好像写着豪华厕所之类的字样，推开门发现内面很窄小，蹲坑内有稀粪便和尿液，蹲坑没有另一边直接是墙，我还纳闷这厕所怎么上，蹲坑这边有人拉屎在外面，仅能放下一只脚。我好像小便了（具体忘了），这时听到外边有男人问我老婆“今天怎么这么快（早）”，老婆说“今天没有尾巴”，他们好像一起走了。","02"
"梦见自己在一间正对着大海的房子里，视线和海平面一样平，海面很平静的样子。后来，似乎变成了港口，来往很多船只，突然看见有只客船侧翻，很快就沉了，这时导致一系列连环事故（不是很严重）。我似乎一直在旁观。求解！","05"
"我梦见我的表兄表弟他们基本上每个人都1比1的多出一个双胞胎兄弟！还有我姑父，还多了不认识的好多对双胞胎亲戚！有男有女，场面比较混乱，都到我家来，我一直想出去到我店里去，但一组一组亲戚来得让我应酬的没法出去，最后还一对一对的在我家K歌，还都是英文歌！麻烦详解","02"
"本人是女的 先是梦见和对象大吵一架。然后梦见一个男的变成蟒蛇惩罚坏人。梦里对那个蟒蛇很敬畏。","02"
"我连续几天一睡觉就会梦到和前女友分手那天的情景 到到底是怎么回事啊？","04"
" 连续几个梦，都是相同的。 迷迷糊糊的就感觉有人爬上床，然后爬在我身上看我。 惊醒之后 又继续睡，这次感觉他又来了。我把被子抱的狠紧，他却从被子底下钻进来，然后扑在我身上看着我， 太可怕了，我可以清楚的看见他是个带着眼睛的男人。求解求解。。希望大师指点，","02"
"梦见梦里的自己做梦，梦见自己很困，然后睡着了被猫抓了，然后又睡着了被猫抓了。然后发短信给自己朋友发现打字都手机死机，然后打的字有一个字又有一个很明显的猫抓的血淋淋的痕迹！然后惊醒了！是怎么回事啊！","06"
"我是一个男人 昨晚上我梦见我的一双旧皮鞋被别人给我偷去了 给我换了 给我另外留一双稍微新一点的在 我不想要新的 我还是觉得我以前的好 我说我的是红蜻蜓 不想要新的 我就到处去找 后来还是没有找到我的旧皮鞋 新的也不在了","01"
"梦到跟一个男生在捡很古怪的钱币，那里是海滩但水很浅很脏，附近也有人在捡，那个梦里有一条大蛇，除了我和那个男生外的人都被吓到，可是我却不怕它，那蛇看也不看我就走了，我们捡累了钱币也少了，我们就烤番薯吃，第二天在烤番薯的地方却没有看到那个人，（我在梦里一直叫他大哥哥，他很冷漠，却不骂，捡钱的时候我一直想着哇，好漂亮好可爱的钱币，好多收藏品。）","03"
"梦见妹妹要考试，早上陪她赶路，出了村镇就是一条高架桥，看到非常美的日出，看到桥边耸起的山有塔，风景很美。目的地是高架桥另一端的她的朋友家。走了一半发现桥下的村落房子有被小淹，但是住在里面的居民很淡定。再往前走发现农田村庄被洪水袭来冲毁，桥下看热闹的妇女被洪水卷走，我要拿手机拍洪水的照片发微博，马上发现前方300米左右洪水翻涌至桥面，我和妹妹往回跑两步跑不及，抱着一起站在原地深呼吸眼睁睁看着洪水在眼前~~洪水来前还想打电话给男朋友没打成功，水扑来，憋了几口气发现憋不住很难受~~醒了","05"
"我：女，1968年10月20日出生。最近母亲身体不好，被确认为癌症，现在每天打止痛药来维持生命。昨夜我梦见自己穿红裤、红鞋。请大师解释一下，谢谢！","01"
"梦见去世的爷爷，那个地方好多人，都不认识除了爷爷，他一直不说话，在那站着看着我，刚开始绷得个脸，后来脸色没有那个难看，我说好久没有见到他了，可以去抱抱他吗？那个时候他表情没有那个严肃，好像我真过去抱了他，后边就记不得了","02"
"我梦见我爸回来了，回来之后到头就睡，我就去了厨房，突然我听见有奇怪的声音，我就循着声音找去，看见卧室里有我妈和一个不认识的男人在床上，，突然我爸在我身边站着问我，你看见什么了。我哭了，我气的拿起棍子闯进卧室，把那个男的拎起来，扔到地上，抡起棍子打他，一会儿他就从一个人变成了两个人，一胖一瘦，长得不一样，我当时愣在那了，很快就反应过来，打一下那个胖子，再反过来打那个瘦子，我就一直打，最后他们被我打的投降了，我爸面色很平静，好像出轨的不是他老婆，看完这一切后转身就走了.....中间一段忘了  不过在最后我记得有好几个男的坐在摩托车上，鼻青脸肿的，我和他们说了一声，要不你们就叫我姐姐，要不叫我妈妈，二蛋，你是我儿子。说完我给了他们一个飞吻，我爸骑着摩托车载着我，我妈走了","02"
"梦见已故的老公公生病，我虽然在梦中我确知道他是以故的人。我与我的朋友用铁担架抬他去医院看医生。走路很艰难。上很高的外楼梯，楼梯的缓步台很脏。给他喜欢吃的白菜叶也掉在地上，我想他是一个很讲卫生的人，掉在地上他不能吃啦。？？？？","04"
"昨天夜里，我梦见自己手腕上长出小菜苗，很惊恐，赶紧用拇指指甲把菜苗挤断，挤断菜苗后，看见菜根里全部是白色的虱子。简直吓醒了！好恐怖啊1是什么意思？而且，不止一次，曾经做过好几次同样的梦境。请问解梦大师：我的这个梦境是什么兆头？该怎么办？","04"
"在学校楼里的走廊，遇到了好多熟悉的同学，有的关系还不错，过一段时间这些同学去了一间屋子，后来只回来几个，我和回来的那几个去那间屋子看，发现没回来的都被那几个回来的吊死了，回来的那几个平静的看着我好像他们做了微不足道的事，然后就醒了","04"
"梦到去买运动配件，看到小学校友在买护膝阿什么的，我朝她身后一过双手捏了一下她的腰，打了声招呼就去看绳，然后我撕开包装来看质量不是太好，看到笔拿了一支问老板价钱，然后问绳有没有其他好点的，老板叫导购带我去看，居然拿了一个可折叠的“跳跳床”，里面是充气的，像气垫床一样大小，导购说你不是就想跳吗，这个很好，能用两年。。。然后就是心里想的了，那老板居然是卖内衣的，就在这家文具店里面，旁边隔开了一些地方，琳琅满目的内衣阿。。。 我感觉这文具店和内衣店都是同一个老板，空间也很大，就像个商城，但从外面看到只有两个门面房阿。。。然后我的梦就跳到了课堂上，有个经常逃课的m同学睡在我和后面同学的桌子上，脱了鞋把脚搭在我桌子上，身子就在后面的课桌上，我的座位靠墙，那m同学很悠闲的靠墙睡在我和后面同学的桌子上闭目养神，然后我就说了些什么，m同学把袜子也脱了，伸在我鼻子边，我转过身去打他，但使不出力气，还被他用脚打了几个耳光。。。无语了！然后他跑了我去追，跑到海边，他不会游泳，有个胖纸帮我把他压在水里面，我就在旁边看，还想戏水，一躺进海水里就觉得呼吸困难，然后我一手把被子揭开就醒了。太凌乱求各位大神帮帮忙解释一下这个梦","02"
"做梦梦到对象在小吃摊前吃臭豆腐  怀孕的我也吃了很多 是什么意思？ 想知道臭豆腐是什么意思？","03"
" 昨晚我做的梦乱七八糟的，但是因为梦见已故的父亲，所以在这里请求各位大师帮忙解梦，以求心里舒服。梦境一： 昨晚我梦见已故父亲，在梦里我清晰的知道父亲已经去世，刚开始以为是看错，所以一直跟着他来到鞋子店，直到他在挑选鞋子的时候我才叫了他声爸爸。他说他鞋子破了，于是抬起脚给我看，我清晰的记得他穿的是布鞋，黑色的。鞋子从上线的那一圈破掉，成了鞋面和鞋底。我说我给你买，他说不用，他有钱，他拿出300元钱，还给了我五十元。","02"
"我父亲去世还不到1个月，我连续3天都梦到他，第一次梦到爷爷父亲哥哥这三个人，我还哭，第二次梦到父亲和哥哥，还梦到和2个陌生人渡小溪，第三次就梦到父亲自己我俩还聊天。","02"
"大师,您好我昨天下午做了个梦,梦里是去钓鱼,当然,也有其他人在钓鱼.梦里面,我钓到的鱼起勾后,好像被另外一种动物给吃了,也反应不上来它是什么动物.然后再看时,就是一只白鸽和白鹰.由于想要的鱼没了,成这两种动物了,梦里自己好像不太高兴.然后就对白鹰说,你走吧,然后白鹰就不见了.白鸽还在,然后我又对白鸽说,你也走吧,然后白鸽就不见了,我也醒了.我想知道这梦里的鱼\白鸽\白鹰代表什么含义.这个梦主什么含义?","04"
"已婚。女 早晨噩梦惊醒。 梦到爸爸妈妈都死了。 不放心 去了爸妈家。妈妈说也做梦了。梦到自己被子丢了。是好是坏","04"
"我午睡的时候，梦见老家河里有龙游过。天空下着雨，感觉很大但是我自己确发现衣服没有湿，天空乌云密布。龙好像是流而行冲撞了在河里划船的人。船翻人没有事。我确在不停的往家跑着。怕下雨把衣服打湿。","05"
"我今天上午十点多钟做了一个梦：梦见我09年去世的父亲，生着病躺在床上催我赶快叫他们单位的汽车送他回赣州(他是09年4月在东莞去世的，4月份火化后就送回赣州黄龙墓区）。梦中他还几次催我。此梦预示什么？请大师详细解答。谢谢大师！","02"
"昨晚我梦见我在桥下，那火车在左边桥上。我看见一个火车头斜着在轨道上驶过，然后就跑前去，又见车厢里跑出好多人，还听见哭嚎声音。然后再跑的时候看见满街的人头碎肉，恐怖死了。那时是下着小雨，最后又变成倾盆大雨。","05"
"昨晚梦见身边睡了个鬼，好像是女鬼，我转身睡这边又看见另一个鬼站我床边，睡我身边的这个鬼又一直拉我转过去，我一直挣扎，试图去开灯，按下了开关但是灯不亮，然后就拿手机，可是手机也不亮。这到底是怎么回事啊，求大师帮忙解解！","01"
"昨晚梦见我和老公送了三台电视去修理，一台最大的背投电视是老公自己办的公司的，一台是我的，一台是老公的，修理费非常贵，店主说别看收费贵，修好以后永远不会再坏。请问这代表什么意思？","02"
"做梦被单身妈妈勾引，等我打了电话走到约定地方，远远看见她在对人群说“今天又有个男人被我勾引来了什么的”（感觉她是想让我在中人面前出丑）去的地方好像很熟悉，路上看见熟人但没说话。我看这阵势我扭头就走了，梦里感觉她看到我了，但是没当众揭穿，求大师指点，这梦什么含义有什么预兆。","02"
"梦见自己有一天晚上自己去街上逛，看到了街道上有一个的码头，还有潜艇，然后梦到了第一个男鬼，他和我擦肩而去，然后回家，碰到了一个小的女鬼，也是擦肩而去，然后碰到一个老头，也是鬼，也吃擦肩而去，然后回到家就一觉不起，有被压身的感觉，自己动弹不了，说不出话，偶尔能动，能说话，但是有意识，然后起来后就寻找梦的原因，在家里的院子里，看到一个和梦里不太相似的场景，但是有一丝的熟悉，然后突然间地面冒水，天上有外星人掉下里，追杀所有的人，我赶忙逃窜，然后就醒了。","01"
" 大师你好，我昨晚梦见把手放在一个袋子里在摸什么东西的时候，里面有好多只蜜蜂蜇了我！手被蜇的肿肿的~可我不知道里面是有蜜蜂的，第二次以为没有了，结果好像还有蜜蜂，就又被蜇了，早上醒来，感觉这个梦怪怪的，希望大师给解一下，这个梦是什么意思？谢谢大师","06"
"先是进了病房但身上并无包扎，感觉受伤了行动不便全身疼痛，得知这医院太黑。转眼又出来了但身体还是那样不适，想抱抱姐姐的小孩却抱不动，自己身上感觉很脏，这时已故的堂妹出现了，彼此没有言语她就是拿块湿毛巾帮我擦身子，还擦了下身，被我母亲看到了，这些场景在户外…求专家帮忙解达…","02"
"梦见先是海水大浪过来冲走很多人 ，我抓着房梁，快溺水的时候房子被水冲了，我被冲到山上抱着一颗树，死去的妈妈还有很多人都在树下我让她伸出手抓着我她没抓住，被水冲断了胳膊被冲走了，然后醒了 又做梦还是发大水  我站在高处冲走好多人  别人小孩子光溜溜的被水冲走，我一家人在山坳里安然    请问这是什么意思？","05"
"梦中，先被一条花蛇咬，但是伤口不深，被我甩开后，死了。没多久，2被另一条蛇咬（蛇具体是什么颜色不记得了），这次伤口很深，梦中梦见自己挤压伤口，见流出奶白色血液，然后去医院，中途等家人，还没等到，就觉得口中无味，头脑发晕，倒在路上了，但是还是很清醒。拿起电话拨家里人的号码，就醒了。","06"
"好几次梦见在外面拿武士刀和别人打架，期间有受伤也有没受伤的情况，最后经过一番努力把他打倒了，为了不让他再有反击的机会，走过去把他的手砍下来了（还有一次是把四肢都砍下来了），不知道为什么，听着那人在地上哀嚎，我反而很安心。","02"
"梦见和我老公一起，被一群坏人追赶。不小心我穿的鞋子在一个钢筋庄上刮破一个小孔    ，我使劲去取下来，只是穿了一个小孔，   请问大师，    做这样的梦是什么预兆 啊？   可以用什么好的方法可以破解呢？希望能够得到您的指点？特此!非常感谢！速等待您的回音！","04"
"梦见变成皇贵妃，在皇后的宴会上得到的地位只有一张普通的桌子没有桌布，但是我看到对面的贵妃也是这个待遇我就公平了，于是我自己摆正桌子坐下来等开始，结果一人发了一摞子海碗，会后得到金元宝银元宝的赏赐，我为了辨别真假咬了一口金元宝，咬掉了一块。最重要的是我是男的啊","03"
"梦一开始就是发生在从地铁站台出来的那个通道里,周围三三两两的有几个人从身边走过,我梦到自己拿出自己的水壶倒水洗屁股。第一次梦到的时候没有人看到但是我抬头看到有个摄像头。第二次梦到就有人在旁边看,我心里还特别不好意思。","02"
"梦见我跟初中同学还有一些人在姥姥家那边的地里追赶一群罪犯,开枪打死了好多罪犯。后来还有两个跑了,我用其他人的枪怎么打也打不中,也打不出子弹。再后来我去追那两个罪犯,发现其中一个是二姨家的弟弟,二姨路过的时候还很生气的说我踩坏了她们的地。请大师详解!多谢!","04"
"在梦中和母亲起了一些争执，于是母亲一气之下就和她的姐妹到上海旅游了,由于不知道此事，我对母亲十分担心，然后在家哭了很久。还在家见到了去世已久的父亲。后来得知母亲是去旅游后，很生气。又哭了很久。出门后看见了从前喜欢我的男生，于是对他抱头痛哭，然后，他现任女友经过，他就把我推开怕被误会。后来的太混乱记不清楚了。","04"
"到国外旅行，好像是埃及，有个当地男人陪我看看风景。他带我到河边，我看到河水很漂亮，鲜花飘在河面上，但是天气很冷。这个男人说可以下河，我刚想着应该换衣服，他突然一把把我推下河，然后我很生气，在河里挣扎了一下，自己爬上岸，找了河边一户人家换衣服，突然感觉外面冷，犹豫还是否下河，就醒了","05"
"梦见母亲去世，我哭着给她挖坑，没有梦见棺材，挖坑时挖出没有被埋在棺材的死人，尽然是去世的亲人好像要合葬什么的，还把死人肉给挖出来了，然后问我父亲还挖不挖父亲说挖，梦境中挖坑的地方不是墓地是在一个大柳树下面，不远处有条河当时是在晚上月亮被云遮住了","04"
"在梦中梦见自已在一个有山有水的地方风景很美，突然发生地震，梦中的房子是平房，房屋是用水泥倒的一块一块的石板做成的很坚实，在地震中自已改赶快找地方躲起来正着急时有人指导我房屋里有地洞，自已到了地洞后一看地洞没多大里面堆放一些杂物占了一些地方，要躲的人有好几个见此情景我让房主把杂物重新整理一下让所有的人躲进去了，眼看外面的水快淹进屋内了，自已赶紧上面盖上盖子。盖子似乎是透明玻璃做的","02"
"昨天梦到跟高中女同学，边泡温泉边做爱。在温泉里面反复抽插啊，热气腾腾，场面非常的香艳啊有木有。那个女同学好久没见了，只是在微信好友圈里面经常看到她秀照片。。没想到就这么梦到她了啊。。。。。。。。。。。。","05"
"一只黑猫一直咬我的右手食指，很疼，那只猫眼睛发绿，很吓人。我平时很不喜欢猫，也说不上讨厌，反正就是不喜欢，我平时也不怎么做梦，甚至一两个月才做一次。","06"
"昨晚梦见，好像是一个工厂在很高很高的山上，我走到边上，往下看时，上面很高，看下面的东西非常小，旁边有很多黄土，还有黑的，这时，突然有人从后面拦腰把我拽进土里","03"
"前天做梦梦见老婆在一个吊在空中的小木屋中被我的2个叔叔拿刀活剐，都露出肠子了，2个叔叔自己也互相活剐，也都露出肠子了，木屋下的血混着水象小河一样不停地流。我自己在地上，拿着把手枪，手枪还从枪口漏出些火药，想开枪又不敢开。然后就醒了。这两天想起来就感觉害怕。","04"
"梦见老婆哥哥的6岁女儿突然生病,呼吸困难,脸色越来越白,抢救无效死了,岳母抱小孩痛哭,小孩的爸爸也在哭,并说了一句女儿要走也没办法,最后自己也哭醒","04"
"梦见之前自己和别人玩(只记得是个男的)玩突然想到一只喜欢的白猫，我不记得我是在窗外看着还是去里屋包它玩，然后它好像和一直老鼠玩的还行，后来来了两只猫一只猫去追老鼠去了，另外一只猫先和自己喜欢的白猫打架后来白猫没打了那只猫慢慢扒那只白猫的皮我在窗外看着等到扒到头那里时我难过的不敢看，身后的男的心疼的看着我。","04"
"梦见小姑带我从一个地下通道走，然后她自己先走了，我咋么叫她都没回音，然后我想返回却早不到路，就自己走发现一个出口，出来后就自己找原来的地方，却碰见小姑裸露着胸部在笑旁边有个男人要摸她的胸，她说只能看不能摸，而那个人根本不理会她的话，我火了就说你再摸我就骟了你，那人拿刀和我打起了，后来我被警察抓了。","02"
"我好像在外国留学并且把一个跟经常欺负我的同学杀了，（我没有梦见自己是怎么把他杀的，只是知道我把他杀了）很多人安慰我我一直为自己辩解是因为他欺负我侮辱我。之后在庭外等宣判。最后法官说监禁一个月后来说他说错了是监禁一年","02"
"在一个仇人家里，梦到自己在一个比较破旧的厕所里面，出来时手上身上全是大便，好象还有一个戴眼镜的我不认识的男人，好象在修什么一样，我一边洗手好生气。","01"
"昨晚我梦到两条小蛇 两条大蛇 是在我老家 梦到小蛇 有条缠在我身上 是黑色的 是在我爸妈的房间里，我恨害怕 最后是我弟弟帮忙把蛇给松开 其后一直梦到我两个好朋友在一起吃饭等  。后来我走到我住的那个房间 也是我奶奶住的房间  我刚要坐上炕去  想休息会就从褥子底下出来两条蛇 一条是白色的吐着舌头  另一条不记得是什么颜色 好像是黑色  我大叫  我妈来后打了它一下  蛇就跟人一样头缩了下  其后我就惊醒了，能我我解释下吗","05"
"梦见爸爸又活了过来，身体变的很强壮了，他站在家门口，乡亲们都很害怕，几个人带着孝向他拜，把我气坏了，爸爸也不在乎。后来又有几个乡亲远远的看着他议论，他冲着他们笑，也不介意别人议论。他变的特别有劲，象个小伙子似的把一个很粗的树叉特别利索的就拽了下来。在后来大家都不太怕了，围在一起说话，可是爸爸要靠从妈妈手上输血才能生存。爸爸很珍惜的只吸了一","02"
"梦见白色的菩萨（就像是挂在脖子上的那种）掉在了地上  之后我去捡  身体就有点迷糊 甚至站不起来  之后站起来走了几步  就有倒在地上了 在挣扎中 我就醒了","04"
"昨天晚上十一点上床睡觉到十二都睡不着，后来迷迷糊糊的睡着了，梦到有异物在喉咙，感觉不舒服，然后吐痰吐出来一看是一条死了的小白蛇。何解？","04"
"大师：我昨晚做梦，梦见家里屋门被撬，但没被撬开，还是用钥匙打开的屋门，又梦见自己在路上捡到手机，捡了好几块，还是和自己用的一个型号的，不知道做这个梦是什么解释？请大师赐教！谢谢！","03"
" 我和我女朋友是异地恋, 我做梦到了她们家那边,和女朋友要睡觉的时候,不小心看到了她手机里的录像, 是她和一个男人的同房录像,而且很多很多, 那个男人是黄头发,比我帅, 然后我询问女朋友,女朋友就好像突然之间很阴险一样, 不理我们之间的诺言, 决然的选择分手,并且对我有很强的仇恨心理, 然后我去找她的母亲, 她母亲得知事情经过之后,支持我女朋友,并且要谋杀我, 他们都武功高强, 我只能逃, 最后我躲进了深山老林,遇到了一群道士,他们正在除妖,抓鬼, 然后我和他们一起去了, 梦到一群很邪异的人在打乒乓球,他们打起求来,很转很转,完全找不到方向感.不知道球会出现在哪里, 并且其中有一男一女在台子旁边直接进行做爱, 很露骨的, 最后, 道士们发现我们全部不是这群人的对手,我们选择了,赶紧离开,最后,在回我女朋友家的路上, 我一个哥哥给我打来电话,问我喝什么水, 我说我喝脉动, 他问了好几次,我说了好几次,他却说了一句`他没有那么多钱, 接着,我便我女朋友的电话吵醒了,!!! 希望大师能为我解惑!!!","05"
"大师，您好。前天晚上我梦到我和我哥哥嫂子在一起，突然有人跑来和我说我前男友死了。我还骂那个人，结果是真的。说他是为了救别人被水淹死的。然后我跑去他家。看到他家门口都是花圈，我哭的稀里哗啦的。然后他妈妈问我要不要进去见他最后一面。（他妈妈已经不在了）我不敢进去怕进去会不会控制不住自己。","04"
"昨天晚上又梦见他被水淹死了。他找了个新的女朋友。然后我听到他死了的消息还是一样哭。难过。大概的场景都忘记了。这两天一直梦到他，麻烦您帮我解解梦。谢谢大师哦！","04"
"一直是个无梦的人，可近段时间一直有梦，前几次的梦记不太起了，可也是出灾死人了。这次梦见我要坐船去一个地方，可在上船的地方就有人说船开了，要去另一边才可以上。我就走到另一边，可不知道怎么就在江中间了，中间有铁链，很多人，怕沉下去了，就抓着铁链。突然看见旁边还有一个小船，还有一个妇女，有一个人爬上了那船，我也游过去了，就那妇女抱着个婴儿，我游过去就看见那船不能再上人，上就要翻，就说，把婴儿抱着吧，那妇女就把孩子给了那船上那男人，我又回到了江中的铁链边，问，可以游到岸上去吗？就有人说，不行，太冷了，也远了。突然就看见有个女的在我旁边开始抽筋，一个劲的说，不行了，我看他样子也是要死的样子，就转过了脸没看他。然后我就醒了。希望大师解读下。","05"
"梦中我好想叫醒来，父亲指着床上的妹妹跟我说：“你看她睡姿不好，弄成这样。”于是我看下妹妹，她浑身青紫，已经死了。于是我十分悲伤，心里在痛哭，心想：妹妹虽然平时爱乱花钱，怎么有此报应，我已经尽力帮她改正了为何却还要让她受此报应。正在痛哭之际，妹妹突然好了，朝我笑，原来他俩搞了个恶作剧吓我，然后就吓醒了。这个梦前还紧跟着另一个梦，里面有我的另一个妹妹，我的弟弟还有弟弟的朋友和我一同在饭桌上聊天。","04"
"梦到家里用平常的钱买到了不符合其价格的大房子，至少也有好几百平方，在梦里开始我很高兴的在各个房间转悠，然后不知不觉在房子里又发现了一处有多个门的走道，走到两边各分两侧的房门，我开启了右侧靠边的一组房门，发现里面是以4扇门的距离为一个房间设计的，然后我听到外面传出的声音，当我想出去查看情况的时候心想，用平常的钱买到了不符合其价格的大房子这房子肯定有问题，果不其然，出门后在走廊的深处走出一个小鬼，其后又见到单位的同事抓住小鬼的脖子往外走，而我不记得同事是什么时候进来的，当然梦本来就没有什么依据就是了","03"
"昨晚梦到大黄蜂哲我太阳穴 捏死一只还有一只。。。","06"
"梦到爷爷坟上起火，又看到周围祖坟起火，又被我扑灭啦，随后有看看到戏子唱戏。","01"
"2.我在路边走突然看到水干枯了，河床在上涨过一会有很多水在这个河里，一直流淌着。后来水很多一直在流动。","05"
"大师好！今年夏至那天早上大概5、6点钟做的梦，梦非常清楚。梦见在母亲家，窗外突然下雪了，但雪下的不大。我心想怎么六月下雪啊，是不是哪里有冤情？！我2个姐姐和姐夫都要回家，我不忍心留下母亲一人(母亲去世已经7个月了)，就要接她老人家去我家，母亲不去，看我的眼神好像再说她已经死了，去我家会吓着人，我说我不怕，到底母亲也没和我走。我不知道此梦有什么意义，父母都已经去世了，请大师解梦，谢谢！！！","02"
"梦见被过世的家公骂我懒,不做家务,要我跟老公离婚,然后我跟她吵,已经离了,什么东西证件都办了,吵着一会,家公就说难道你不知道我这样不是要你离婚的吗?是想让你做家务","02"
"梦见在一个陌生的房子里，妈妈在客厅和亲戚闲聊，我看见有个房间门是虚掩的，透过门缝，看见父亲与陌生女子在办公桌上做爱。内心好奇，竟然和父亲打起招呼，询问怎样做爱，父亲一脸热情，和陌生女人现场演示，正到关键处，母亲进来将我拖走，母亲一脸无奈，毫无阻止父亲之意。梦醒","05"
"梦见在我小时候读书路过的稻田里,都是鱼,特别大,都是白色的,不知道为什么都在稻田里,田里没有稻子,看见很多鱼,就想到买条大鱼回去吃,哪里的鱼,任我怎么抓,也不跑,我感觉都是活的,很多鱼肚子都是鼓鼓的,应该都是鱼籽吧,第一次抓的那个鱼10多斤,感觉太大 了,就换了,一条,最后买了,一条4斤多种的,我记的也是白色的,","04"
"梦见很多大老鼠从我家门口进进出出。也不怕人。猫也不管，我家原来没猫。我想把门关起来，可是关不掉，有一个大老鼠过来一开始舔我，后来又比较轻的咬我。想打走又打不到。后来醒了。","06"
"梦见自己租住的楼下有梅花盛开,别人叫我赶快摘一点回去插,我就选了两枝开了最茂盛的摘了.但旁边也有桃花盛开,很鲜艳.","02"
"梦见病逝不久的姑丈跪拜祖先，姑姑站在他的后面。不知代表什么意思？","02"
" 梦是这样的 ：刚开始 我在和一些人 争执， 内容记不清了，对方的 样子也没记住 ，说了几句 他们就开始追我 还拿着枪，我好像还有个同伴是个黑人，我们一路跑，先是穿过花园越过一个高高的栅栏，跳进一条下水渠，然后穿过下水渠就来到类似房顶的地方，到这后，我犹豫了一下；是跳到另一个房顶上， 还是 下楼梯 我选择了 后者。下楼梯 时我看了一眼追我的人，其中有我儿时的伙伴，快下到底层时我一跳， 跳到了立交桥底下， 还踩了一脚泥。而后一条马路出现在我面前， 过马路时遇见了军车 听见了喇叭声。后来就醒了。在逃跑的过程中 没有害怕的感觉，很自然的 他追 我跑，说 不出 什么感觉。好像是 哦 ，他们在追我。文化水平较低 请见谅。","04"
"梦到自己走夜路踩到蛇被蛇咬了左边的大脚指，直接把大脚指甲盖咬掉了。然后我把那蛇掐死了，然后顿了，看到是一条响尾蛇。然后自己去医院没人搭理！","06"
"自己马上就要高考了，却梦到父母让自己去外地念书，冲刺完最后三个月，然后准备上车，东西没准备好，然后回去取，然后自己因为马上要离开家，就开始哭，哭着哭着就醒了，是什么意思，求解","04"
"大年三十夜里梦到自己骑在龙身上在自家门前的水库上飞，水库里面有好多怪兽，还有好大的狮子老虎在路上走，一只大龟在路上爬,一条水龙在河里出入，我从天上的龙背上下来坐到河里水龙身上在河里出入。","05"
"我梦到自己回到了外公外婆过世前住的小屋，我看到他们跟生前一样生活着，我很开心，因为他们没有离开，他们还活着。他们还跟我说话，但说什么我不记得了。我很高兴他们还在，但自己突然很清醒的想起来，他们不是已经过世了吗？难道他们的病好了。","02"
"昨晚梦见家门口的小河，看着它慢慢的长了很大的水。亲眼看着它长的。。。河水混浊。眼看就快要慢过六。七米高的河坝。什么意思啊","05"
"昨天晚上梦见去世的爷爷爸爸回来了，爷爷推着大金鹿自行车，带着自己的行李，我哭着问爷爷这些年都去哪里了，爷爷说看我老是受欺负，回来保护我，我抱着爷爷在床上坐着，让爷爷吃饭，可是爷爷身上很僵硬，而且很轻，就跟个纸人似的，还梦见爷爷跟小叔吵架，因为小叔不关心我，这是怎么回事呢","02"
"梦见外出坐公交下车看路边的仙人掌，然后公交车走了，发现被褥、衣服丢失了，随身小包还在，找到后发现被民工捡去，还要讹诈我财务，就醒了。","04"
"梦见和三个舍友偷摘了路边三个小西红柿，不幸却被主人发现。她们吃了都没什么发生,然后一起离开了!我则因为要返回去取些东西，被主人发现而被追杀,追杀途中我被迫扔掉了西红柿，不过所幸得到别人的保护而周全了性命!请帮我解释一下这是什么意思?谢谢!","04"
"梦见老婆嫁自己熟人，熟人住危房里面，楼梯还不能直接上里面，老婆还很高兴，老婆嫁人后第二天，她母亲出殡，她披麻戴孝送。","04"
"梦到与男朋友一起去了一个地方发现回不了家，然后就发现手机丢了褂子也没了，因为着急就跟他争吵起来，然后就各走各的发现自己走丢了突然间醒来了，意味什么","04"
"自己耳朵在戴金耳环是无故结黄颜色的大痂，以抱住圆形耳环下半圈，我妈在帮我脱耳环时发现自己耳朵化白颜色的脓，耳朵肉里面生有小蛆虫。","04"
"梦一开始就是听见枪声.我背对着那人要走.然后感觉头部连中两三枪身上也中一枪.血液乱流的感觉好清晰,就倒在了地上.在精神即将涣散的时候我对自己说""我不想死,我不能死""然后精神又慢慢的汇集起来.我看见开枪那斯在那找什么东西没找着就急忙抱着桌上类似刚拆开的试卷走了.我正想起来的时候他突然又回来了.还带来了另一个人.我就继续装死躺在地上.一下睁大眼睛装死不冥墓,累了就","04"
"梦见一只白色的小猫咬我的手，手立马就肿起，带毒我把血挤了很多，很多。我很生气于是跟小猫厮打，我发现白色的小猫好凶，眼睛里带满仇恨。小猫最后死去，早上醒来手隐隐作痛！","06"
"梦见我一个很讨厌的人死了，她在一副棺材里面，然后我们把她的棺材打开来，把她抬出来，我看到之后就吐了，然后我们把那死人又装进另一副新的棺材里面，把那个死人弄得很漂亮，后来那个死人好像变成妖精了，我还拣到很多金子。","04"
"梦见自己家的房子被人扒了 好像还没全到 我家的房子是钻瓦结构的  可扒出来的是用泥和草  我就在想 我家的房子不是这样的  怎么还有草呢 后来就醒了","03"
"我连续好多晚梦到前男友，梦到他和别人在一起，梦里我很伤心，或者梦到我们和好了，我又很开心，这有什么寓意吗","01"
"我梦见一群人在打井，我看见朋友喝醉酒，就去劝架，朋友把自己的鞋脱了，我们在抢鞋。后来我自己的另一只皮鞋不见了，我和另一个朋友一起找，看见别人的鞋不少，就是找不到我自己的鞋。","04"
"梦到我正在睡觉，忽然有人叫醒，起来正前方熊熊大火，直冲向上！很高很高！                                                           ","01"
"在现实中我有一个对我很好的男朋友.我也喜欢他.可是我家人不是很同意,其中有一个原因是嫌他太瘦长的不好看.在梦里这个男孩长的挺好看也很壮实,我和男朋友在一家早餐店吃早饭,一人一碗饺子,他进来了坐在我旁边看我吃饺子也点了一盘,中间讲了几句话.后来我和男朋友就走了,回到我们的家中.我出来了一下在门口遇见了他.他说今天是圣诞节给我买了好吃的让我拿着我说我不要男朋友看","03"
"凌晨 2点左右，梦见好朋友的魂魄来告别，他说：我要走了，来看看你。我特难受说：哥你慢走，我给你磕头了！但一直看不清那人是谁！然后就惊醒了！","02"
"我的男婴生病了，然后我给岳母打电话 说去她家那边给孩子看病，然后到她家那边 她说她家那边医院不行，然后又坐车回我家这边，在我有钱的二姨家 住的，在二姨家 我看到了有钱人家的 和现实的他家不一样，次日的清晨 岳母就要走，忙她那边 不赚钱的生意，不管她外孙子，我生气 就和他吵架，然后媳妇看到了，媳妇站在岳母的一边，然后我就自己抱着 六个多月的 男婴走了，遇到了小学同学 抱着孩子上山 玩，起大风了，然后我自己就把小孩的头 蒙住了，下山，走了好久啊，后来又到一个像是 地下通道的地方，有人在拖地，我把孩子包好了忘记了， 然后发现了，回来找到了，看到孩子包的被子都湿湿的 孩子也湿湿的，我就抱起来继续走，走到了 好像是在大连的一个 地摊烧烤的地方，见到我爸妈 然后看看我的 孩子变成了四个像虾爬子一样的虫子，我被吓醒了","02"
"梦见有朋友开车来，在院子里，开枪打靶，枪是长的口径枪，听见枪声，联防队员来查，我劝走了，我就藏枪，在埋枪的时候，被人发现了，我告诉他不要说，我认识他，后来电厂发生动乱了警察都去了，看见警察放枪，是新发的92式手枪。","04"
"梦见老公突然死了，可魂魄每天回家，后来家里宝宝一见老公就大哭，后才发现老公已经死了，回来的是不肯离去的魂魄。可奶奶，该走的还是让走吧，让老公的魂魄离开，我伤心得不得了。。。。","04"
"我刚怀孕一个多月梦见刚下过雨，地还很湿，我和一个陌生小男孩一起他骑着自行车，他的哥哥在对岸，我走着走着看见他掉进河里我去救他怎么都抓不住，后来他哥哥把他救起来的时候他已经死了","05"
"老婆的曾祖母去世，忽然有四个人抬着沉重的黑棺材要进家门（象是我舅舅的家，我丈母娘也在）因丈母娘平日忌讳这些东西，我拒绝棺材进来。这四个人只好抬着棺材想从旁边的房子进去（象是我去世的外婆的房子）又被我呵斥。这四个人抬着棺材无所适从就想从房子旁边的小道绕过去，却因棺材沉重没有把持住，眼看着让棺材翻滚着掉进了河里。不一会，身后出现了一个有点熟悉却叫不上来的男人边跑边哭喊着向我这边跑来，不知什么时候我老婆又在我身边出现，一看到这个哭喊的男人也哭闹着倒地打起滚来.我突然醒悟这个掉进河里的棺材是不是我老婆曾祖母的！想到这里我开始惴惴不安，想着怎么向他们交待！","04"
"家里阳台前面涨了好大的水，有鲨鱼在吃人，开始我妈抱着我儿子在阳台前看，我叫我妈进来，刚进来就有只鲨鱼冲过来咬他们，被阳台的铁丝网拦住了，然后看到远处有两条龙相反的方向交汇，最后就是一家人担心的躲在家里害怕鲨鱼进来。","05"
"梦中一个熟人的小孩（现在想不起是谁）要大便了，来不及跑厕所，我把她端起来让屙到地上的一条内裤上，结果象小孩飙尿一样，第一、二坨屎飙了很远，当然身下也屙了不少。另一面她的亲人在笑。","05"
"梦到自己跟别人起冲突，结果那人跳楼了，后来法院起诉我，找到摄像头拍的录像，其实是那人先找茬，后来我才反抗跟她争吵，最后法院找到证据我无罪。","02"
"我梦见我被凶残的白虎追，然后我躲到一个玻璃的房间里，找到一把剪刀或者什么的利器，将白虎开膛破肚，但我不确定它死了没，因为我觉得它不会那么容易死。","04"
"我昨天晚上做个梦，是我骑着电瓶三轮车去，买桑葚吃，我也不知道是什么地方，就是有个很高的路，有一个老头和老太太帮我一下我才上去的，，","03"
"梦见有人捉到从地底下钻出两个小人，然后让他们找金银珠宝给那个人，后来不知道为什么那两个小人分别从地底下找来很多金银珠宝，却送给了我，我并没有让他们给我，后来他们送给我后，我很开心，向他们道谢，然后放在了一个小袋子里面","03"
"梦见鬼在一屋子的水池里。我还把身份证仍了进去。鬼告诉我要去河里游泳。屋子出来就是河。可是全程看不到它。梦里哥哥说是富人为了生意养的鬼。","05"
"梦见女儿不听话，被我用树枝一下弹到了河里，河很大，不见了踪影，最后看到河面上冒出来几个泡泡，就照此位置下去摸才把女救了上来，吓死了，请问这有什么遇照吗？","05"
"自己在火山口被老鼠推下去。然后爸爸妈妈在一旁笑。不来管我。几乎都是阿斯顿福建阿克苏的免费","01"
"我梦见我养了两只小白兔，一只比较干净我就叫它小白，一只有点脏，我就叫他它小黑，我整天把小白抱在怀里玩，有一次我给它喂肉吃，小黑也来了，我就也给小黑吃，然后我把小白放到地上玩去了，小黑又跟我说“你对白的那么好，说不定在它眼里你还是个白痴呢”然后小黑和小白就到外面玩去了，我出去找它们也没有找到，不过小黑在暗处观察着我，我看见它了还是当没有看到","04"
"梦见和一个很好的异性朋友走，背景是大片大片的水。突然被强吻 被我妈妈撞见，然后他跟妈妈说他喜欢我 请问这难道暗示我喜欢他 ？可是我有男朋友了啊……","05"
"梦中电闪雷鸣，狂风暴雨，准备出门却不敢出门，此刻还有人叫去吃饭，坐在灶边，拿钱给自己的亲人，说是要出去认干爹","02"
"梦见白天我正在床上躺着玩手机，我的房间就在大门旁边，梦见大门是全开的，我的房间门也是开的，不过门关了一点半，只剩一点门缝，可以看到外面，正在玩手机的时候听见做法事的声音离我越来越近，回来我通过门缝看见进我家了，我赶紧把我的房门关了，心里很怕，然后我爸回来叫他们出去，好像死的那个人也是家里人，好像是我爸的大哥。","04"
"首先梦到摘下戴着隐形眼镜，一数竟然有6片3对，原来之前竟然是重复戴着的，然后是镜子里一对乌黑的眼睛。接着，梦到和一陌生男性同居，他希望半年内怀孕，可是我好象不太喜欢他不是很愿意","05"
"下半夜梦见先是看见小路上有条大蟒蛇，然后我就赶快跑，跑到前面平地上也有只大蟒蛇，小路上的那条大蟒蛇就迅速的跑过来找到平地上的那条大蟒蛇，并没有伤害人的意思，两条蟒蛇聚在一起就走了，接着平地上出现了两只大蟾蜍正在交配，然后马上就产卵了，我觉得很奇怪然后回去了，接着公司里面人通知吃蟒蛇，我跑去看，就像我们吃鳝鱼那样，那条被杀的大蟒蛇被切成一段一段的，当时吓到了觉得很恶心，然后说每个人必须带一块走，我就取了蟒蛇的皮子我想问下这样的梦是什么征兆？","03"
" 梦到了刺猬和虾，没有捉刺猬，好像刺猬还小，不知怎么捉了一捧虾，有大有小，然后就爬在手上咬，用水冲都冲不掉，大师，求解》","06"
"梦见下雨我跟我朋友在救人，后来我坐在床上念喃摩哦哩陀佛 然后出现一个巨又大手掌 把龙赶走后来龙又跑上去河上游下雨 我赶紧在我村叫那些人快走要来大水灾他们不信 说我是疯子","05"
"还有前几天连续好几次梦到自己家门口玩，突然家里起大火了，很大很大的火，房子都烧没了- -","01"
"梦见河流由西向东不急不慢的流着，很多条小船顺着河流排着队由西向东行驶，船上还有小学生，一艘船停了下来，我走上去站了一会。第二个是我在一个溶洞的水里骑车，骑得很费劲，但是不一会就到岸了，我没有上岸，而是爬在岸边跟岸上的人讲话第三个还是跟水有关，群殴要游泳去对面，下水后不管怎么游衣服都是干的，上岸后衣服也是干的，然后说是要回去了，在岸边出现一了条小船，是坐船回对岸的！","05"
"我们最近因为婚事经常吵架，前天我又因为这个吵闹着分手，不知道这有什么暗示吗？梦境是我去杭州玩在宾馆把包丢了，想让男朋友去找，还纠结该不该给他打电话，到天明包也没找到。。。。。。。。。急","01"
"昨晚梦见跟姑姑打架 他想拿剪刀刺我 没刺到就拿剪刀 剪掉了我的头发然后我拿椅子砸了她 然后他儿子在旁边看着我 预示着什么？","02"
"那晚梦见我被 北朝鲜人绑架，白朝鲜人想用枪杀死我 突然天空中出现 特别大得金龙 然后北朝鲜人看到那个景象就放了我求解","05"
"昨晚梦见在自己家厕所正在拉大便，旁边女厕所过来了两个女人拉大便，大杂院的厕所男女相隔的墙有洞而且很大，上面能看到人能相视，下面可以看到，我没有要看的意思，只是无意瞄了瞄，被女的看见了，后来那女的说看什么看，我连忙说没有看没有看，手一滑一紧张就滑进面前的粪坑池子里了，那两个女的连忙跑过来拉我，很艰难的把我拉了出来，我印象池子很深还游到边她们给我拉了出来。后来来了好多人，我衣服都脱了，一丝不挂在那亮着，有个很漂亮的女孩在跟我边说话边走，起初我两手捂自己的私处，后来就没有捂了感觉很正常没有羞涩的感觉。","02"
"昨晚做梦，梦到老公带两女孩子去酒店，在酒店门口下车时被我亲眼看到。当时的我非常的愤怒，回到家后，无意中来到一邻居家的房子里看到一只黑色的猫。那只猫的眼睛非常的亮！！但当时我的心里强烈的叫嚣着要报仇，眼睛就盯着那黑色的猫的眼睛。突然，感觉大脑里一阵眩晕，心中一阵害怕，眩晕过后我清醒过来 ，不过人也吓醒了。这是怎么回事呢？","02"
"昨晚做梦梦到跟自己最好的大舅妈去世了（现在活得很健康）哭的狠伤心 梦的狠真实 醒来心里很难受 我想知道这是不是有什么征兆","04"
"我在清晨6点左右梦到以前对自己很好的已去世的朋友）已逝世了。他梦里告诉我他已经娶妻生子，还告诉我他妻子是那的人，还说自己过得很好，说让我别担心，他也一直挂念这我。但是梦里我看见他很疲惫，瘦了，穿着狼狈？","02"
"大师你好，我刚才梦到自己在一个中巴客车上，在车坐底下拣到了钱和手机，有的车坐底下是面值1元的硬币，有的是面值1元的纸币，有50的也有100的，其中一个坐底下外面是一个50的，里面是一捆1元的，还拣到了几部手机，其中有一款是诺基亚N70，当时车上除了司机就剩下我自己了，其他人都下车了，中间司机看到我拣到那么多钱和手机，就想给我要，想要那部诺基亚N70手机，我当时心也有点虚就没拒绝，把卡取出来就给他了，后来慢慢车上上了点人，再后来就记不清楚了，求大师给我解解，着到底意味着什么呢。","03"
"在清晨6点左右梦到以前对自己很好很好的已去世的朋友，他告诉我他已经娶妻生子，还告诉我他妻子是那的人，还说自己过得很好，说让我别担心，他也一直挂念这我。但是梦里看见他很疲惫，瘦了，穿着狼狈？","02"
"梦见大伯和其他两个同村的人被淹死，其中一个人在梦中类似我二伯这样的人，但事实上我不认识其他两个人，而且我没有二伯，我老爸才是老二","04"
"6月17日中午休息梦见自己掉在厕所里快要全身涨满时被二姐或别的女友把我拽出来，之后用自来水又冲洗干净了。刚一开使好像有点臭味用水冲完就没有了和现实生活中不相符。同样的梦已经做不下两次了请大师给解解。谢谢了","02"
"水裏先流下去兩條死魚，可是後面那條突然動了一下，接著被水帶走了，後來水上多了一個板，板下面都是活魚，很大一條，不停的想要往外面遊！","05"
"我奶奶活着我乍么梦到奶奶死了睡在黑棺材理，我和妈妈装棺材的一边上的木般，棺材的上盖压着脸和上身光看到脚是什么意思？谢谢","04"
"梦见逛商场下楼梯的时候有一个不滚动的扶梯我一上去后面的朋友就按了下开关这是手指被夹出血、我去找工作人员叫他给我找大夫包扎后来吵起来了、旁边有人笑、我用匕首给夹住她不笑了","06"
"昨天睡午觉梦见好大一个粪坑的粪水满满的然后从一条小小的浅沟流进另一个大粪坑满了就开始像锅里烧的开水一样沸腾起来 往外流接着我又在梦里和老公说我刚才做的梦我觉得很奇怪为什么经常老在梦里做梦和老公说梦的事呢？","02"
"与妈妈儿子一起回到旧宅.而那里却变成了危房烂尾楼.住下以后就停电了.我很害怕，就使劲喊妈妈，但是没人答应.儿子跟着也很害怕抱着我的腿在那哭","01"
"先是梦见和一群人坐公车，然后一只猛虎从玻璃窗口即将闯进来，再我还没反应过来的时候就被朋友拉下车跑了，因为害怕所以一直跑，跑着跑着发现怎么是自己的故乡的地方。然后看见路边一商店的男人很面熟，原来是年轻时候的爸爸，不到三十的样子，他显然不认识我，我走上前问了他的名字，他很不解我为什么知道他名字。我怕老虎攻击他，就告诉他注意躲避，然后我继续往前","02"
"梦见放学后和喜欢自己的人一起走，我主动拖了他的手，他好像有点小兴奋，一路上说话不多但很愉快，半路与他分别后，我找不到车回家，发，现有个老太婆跟踪我，我跑到了一间小卖部，但里面很小而且没有人，我很害怕，吓醒了","01"
"梦有点复杂！首先我和另外一个人结仇然后打了他！之后看见我喜欢的人和别人拥抱最后是和我结仇的人找了两个人打我！我全部活捉了…其间还有刀出现","02"
"孩子玩的气球都暴了孩子不高兴就带着给孩子去买气球  下台阶的时候觉得一个鞋跟高一个低  低头一看自己的左鞋破了自己的心里觉得不舒服","02"
"梦到在一包装盒里中奖得到两个女用安全套，然后不知为什么又回到老家，但我没回家反倒去了以前师傅家，跟师娘做爱并且师娘未长阴毛，事后第二天回到家中姐夫问我没有找小姐吗，我回答弄到一个少妇。备注本人已婚","05"
"我在岸上很好奇看见河里有一条很长的白色大蟒蛇,它好像也发现了我,突然以很快的速度跑上岸咬下我的套鞋然后咬住我的穿着袜子的脚     本人男性  求大师指点迷经","06"
"昨晚梦到在马路上有水，而且水里有一条鲤鱼，于是我和女儿把鲤鱼很轻松就赶到边上给逮着了，拿在手里，然后又看到其他地方也有水还有金鱼，而且金鱼是黑色的，很漂亮的尾巴，于是我又抓了一条黑色金鱼，求解梦","05"
"梦到自和朋友在别人的宴会上捣乱，地上有抢我们就捡起来和那里的公安打了起来，到走时我又悄悄在地上捡了两只手抢两只长抢躲过检查带走了，上车时为了躲检查我给了我先上车的朋友叫他个我拿着，朋友还问我拿来做什么，我给他解释了但没解释清楚，就给他说:“不要问了 你拿着就是”。这个梦是什么意思？我今天去朋友那里玩，会不会发生什么不好的事情？","04"
"先是和朋友开车（不知道是谁开，现实中不认识吧，但梦里说是朋友...)，车开的非常快，开始路上还有阻碍，但都躲过去或越过去了，后来路很平坦，是立交桥，下面都是水，下车后他们都站在路边，我问怎么了，他们说谁谁的同座掉水里了，还说没有会水的，我就下去了，游得时候感觉鞋要掉，隐约听到他们说还让谁下来帮我，好像下来了，但不知道人哪去了，（救得是个男生好像长挺好看的）然后费了好大劲才救上来，救时我还想一定要救他上去，救上来我就醒了....","05"
"我梦见了家里养了两只老虎，一直很大，一只很小，我很害怕，总是想把这两只老虎送去动物园，但是不知道是我老公的那个人还是哪里的一个男人，这个男人和我们住在一起，他不愿意送走这两只老虎，做了一晚上这个梦","02"
"梦到男友在我家做事，后不知什么事中奖十多万，男友转身对我说不用打工了，和他走，我给他使眼色，男友速要和朋友离去，我爸说，你有多少存款，就打算把我女儿带走，后男友说有二十几万，我爸说，是不是这点钱我女儿觉得少不和你好了啊，男友解释有事所以才要走","03"
"梦中看见两窝蛇，自己不敢抓，然后叫人去抓。突然有人抓了条蛇扔到我脚下于是我就把蛇抓了起来。那蛇就咬着我的左手大拇指一直不放。血就喷射出来。后来还是用手强捏蛇的头才拔出拇指出来。手指还被咬了点肉出来。请问这代表什么？","06"
"梦见自己的儿子被黑龙抱走，母亲眼看着孩子被带走，在地上伤心的哭，黑龙拿着纸条，上班写着去哪里哪里去找孩子，让后母亲到了去找的地方看见一条红龙带着自己的儿子送回来，要两百元钱，然后就走了","05"
"大约早上6点左右做的梦：中午，我和一个女性朋友去食堂吃饭，发现菜特别好，基本上都是荤的而且都是我爱吃的。本来只能打3个菜的，但是我发现起先打的那个鸡蛋糕不见了就再打了个。准备打汤的时候旁边有人提醒我可以拿瓶子装的，我就拿了个大雪碧瓶子来，先打了些肉汤，再灌了很多青菜汤。终于打完饭准备吃的时候我对面的同学都快吃好了，她说可以再去打的，我想想也是","03"
"梦见老公出车祸，腿上的血很多的。在梦里他是帮人家出车。然后出了车祸，腿上有伤口，但不是很厉害 ，但血却流了不少呢，鲜红鲜红的","01"
"梦到去参加一场训练，很多人，每人会配备一匹属于自己的马。我的是一匹个子不高的白马，在我站在它前方做自我介绍时，白马十分亲昵的在我脖子里蹭来蹭去，别人都很惊讶我们关系这么好。我非常喜欢这批马。介绍完毕以后，这些马被牵走休息了，第二天训练才会再看到。我很舍不得，就跟着白马走，可是没有追上。然后就醒了。哪位大师能帮忙解一下梦啊，代表什么，非常感","04"
"就是梦见老婆从一个我认识的男人的床上起来 ，没别事，后来我们就吵架，还打起来了，，，，，，，，，，，，","02"
"梦见了别人做爱，而且就在我的面前，感觉自己还有纯纯欲动的感觉","05"
"梦见自己的男朋友和自己最好的姐妹做爱，而且就在我面前做爱，这是为什么","05"
"梦见我去和一个同事去工作 记不得是谁了 然后翻过山后来到了一片青山绿水的地方~！ 哪里有很多树 不过好多都是芭蕉树~！下面有条河河水很清~！","02"
"就是我梦见和别人做爱，但是我感觉是认识但是有不知道叫什么，也看不清他长得什么样，而做爱时自己一点都没反抗，这是怎么回事哦","05"
"其中一只小猫很可爱，爬到我身上跟我玩，大猫是以前老家养过的，正好外面下雨，大猫就从门外跳进来，后面跟了他3只小猫！有什么寓意么！","05"
"昨晚做了个梦，开始自己家里出现一个蟒蛇，我好怕，一直找东西吃，它好像吃不饱，我找不到东西喂它了，好害怕，逃走了，躲在别人家，怕它找来，又不敢回去，就想给它吃毒药毒死它，药买来了，买了好多，后来不知道怎么就发大水了，有些房子它了，我躲的那地方没有，不过水越来越高了，蟒蛇游来了，发现我了，我怕呀，不过它没吃我们（我旁边还有个不知道是谁），不知怎么的我们就坐它身上，它把我们带到一个安全的地方去了，它又回去了，好像是原来那地方药太多了，都泡水里，水质也说不好了，那个安全的地方水不深，有好多鱼，小鱼大鱼都有，只要想要，伸手就能抓到，水很清澈，鱼看的很清楚，我们游啊游，到了江边还是海边，那边有好多穿，大的小的，我们选啊选的，最后选定了一条帆船，站上去一直摇一个什么东西就能航，还没真正起航我就醒了......这是什么意思呢","05"
"下午睡觉梦见的，梦见以前我在高中的时候，下学后，右手无名指无缘无故的肉裂开了，但没有没有见血，我记得很清楚，是肉裂开的那种，能看到骨头，还有几个手指的肉也像要裂开，然后去了医院，后来傻啦吧唧的回到家，发现去医院什么都没做，接着又想办法去医院，梦里我很害怕，之后被电话惊醒了。","06"
"梦见我在水里走，而且水一直都是在流动的，水的中间有一个小土堆，土堆上有火","05"
"昨晚后半夜我醒后又睡着，梦见这样一幕场景，环境似乎是动荡年代，我住在一个平穷的村子，遇到了一名志同道合的朋友，并结拜为兄弟，我长他次，之后发现一个密室，应该是个古墓，有两个驾车的大汉开启古墓门，进去了好久然后出来，我和这位结拜而不知姓名的兄弟偷溜进古墓，发现最里面有一个棺材，应该是黑石做的，我正要对那位兄弟说些什么，这两个大汉进来抓住了我们，这为兄弟抗下是他的主意，跟我无关，两位大汉把他带走，把我仍出古墓，我在家里为这位有义气的兄弟祈祷，结果他和一帮人回来了，说是什么皇帝，是他们寻找好久的皇帝，中间的一些经历我给忘了，记的清楚的是，后面这位兄弟似乎要为了他的族人而赴死，他在前面营救过的两位姑娘为他披麻戴孝哭的死去活来，梦中有好多人都披麻戴孝，我也一样，在他赴死的地方，大家都跪满了一地，我清晰的感觉到自己是发自内心的难过，我指天长叹，天不公，不该让义薄云天的人这样不值的离开人世，哭的我很伤心，直到闹铃把我惊醒。请问大师，这梦跟我的事业有什么关系吗？","04"
"梦见世界末日，天塌地陷，天空乌云密布，当我爬上类似长城顶端、一跃而起的时候（是一种信念告诉我一定要爬上去，只有这样才有希望），一切开始塌陷，同时天空中出现了好多佛，和射过云层的阳光（就像云开雾山、风雨过后的那种阳光），很干净、漂亮、很温暖（给人充满希望的感觉），（记忆最深的是弥勒佛）对着我微笑，我要跃上云层和佛在一起，但每次都只是碰到弥勒佛的脚，差一点点，然后无限次重复攀爬、奔跑、跳跃动作，每次都差一点点 虽然梦见的是世界末日，但并没有伤亡和恐惧，反而充满了希望！天塌地陷和天空中洗涤一切浑浊、射透云层照下来的阳光，很矛盾的美，绝望中又充满了对未来的美好向往！","01"
"我梦到我和很多人在岸上看水里，我旁边是我爱的人，水里有一条好大好大的龙潜在水里，龙头特别显著，还有两条蛇和一只乌龟在水里游，突然天上有东西下来吃了一条蛇，好像是我们大家都希望的，然后那只乌龟就帮助抓另一条蛇，好像咬到了蛇尾但是又让它给逃了，乌龟坐在那里说了一句话 但是我忘了 意思好像是它很惭愧没有抓到蛇 再然后我们遭到敌人突然袭击，然后我爱人就让他们射伤了，我就拉着他跑 然后他快晕了我扶着他才看见他身上全插满那种他爸治病用的针灸的小针《y现实中 他爸是行医,还是研究风水的，他爸和他还有他妈妈关系很不好&gt;他上半身没有穿衣服《身前身后都插有那种小针，我喊救命 一个穿黄衣服的女子从我这里过 没有管我，还有一群骑自行车的人过，有一个男的停了下来，我感觉他要帮我 再然后过来几个三轮车 让我快上车，我问他们到最近的医院有多远，他好像说有两公里，然后我就扶他上车，我知道自己身上没钱，就摸他裤兜好像有一张钱，我就放心了 因为我想的是待会要给三轮车钱  现实，然后就被我爱人叫醒了他说告诉我一个好消息说我们明后天就可以走了 我一直希望快点走 最近我们在一起创业，不知道这个梦有什么寓意","05"
"您好，我梦到大概四五个蜘蛛爬到我的身上，其中有两只钻到我的耳朵里，然后，我看见一只蜘蛛在网上，有网粘在我的身上，后来，我发现我的左手有一小坨肉，不知道是什么东西的肉。然后，我就醒了，拜托您给予我详解！！拜托！！","05"
"梦见妈妈给我和已故的奶奶包饺子，然后我们仨一起吃饺子（饺子皮薄馅大，都是肉啊）、喝汤，汤特别的干乎，是黄色的（好像是鸡蛋汤吧，），我还把我碗里的汤往奶奶碗里倒，一劲儿让奶奶多吃点，（奶奶好像是说够了，让我也多吃点）奶奶很慈爱的对我笑！","02"
"我不知道为什么在追我们学校的主任，我追着追着突然从左面小道里冒出一个大怪物，不知为什麽一直在追我，然后我就醒了。","02"
"梦见自己房间里有很多水蛭,爬了好多条准备烧死,但后来不知道又没有烧,又躺床上睡了,然后不止一条水蛭钻入自己身体,胳膊上有两条,前胸有一条,床上也有在爬,自己用手拔出来两条,后来就醒了,天也亮了,颇不解,因为我从没有真正见过水蛭这种东西.求大师解!不胜感激!","01"
"梦见有五个人躺在床上睡觉，其中有我，我老公，还有三个认识的人，结果被吵醒，发现我老公和我婆婆正在爱爱，我们都看到了，觉得好恶心。结果我们在闹离婚，但还没离掉。后来就醒了。","05"
"梦见下着蒙蒙小雨，我主动将自己打的雨伞借给我上司身边陌生人，并和陌生人回到车上取出另外一把伞交给陌生人拿给上司，自己却一直淋着小雨。","05"
"梦中自己的右小腿被人用匕首割断两次，粉碎骨折。好像是自己答应过替朋友去办什么事没办成，犯了什么错误，才收到了什么惩罚。梦境里大概就是这样了。","06"
"梦到自己的衣服着火了，本来是一点点，后来越烧越大，在没扑灭之前梦就醒了。梦里好着急啊，就想着扑灭，本来小小一点，看着扑灭了，刚松了一口气，突然不知哪里又开始着了。扑也扑不灭，最后梦就醒了。这是怎么回事啊","01"
"感觉很开心，狗狗的两条腿搭在我的手心里然后一起跳舞，感觉我和狗狗一样高，跳舞完全没有障碍。不记得狗狗的颜色样子，只知道是很平常的纯色的狗狗。","03"
"梦见去朋友家,朋友家在装修铺水泥地板,我和朋友从卫生间出来突然水泥地变软想泥沼一样 我奋力爬了出来拉了一个朋友出来 结果他不帮我 自己逃掉了 另一个很要好的朋友却陷进去了没救到.然后怎么的突然就到楼外了,一群人说楼要倒了.我很急想进去救我朋友,被拦住了.朋友的爸爸也赶回来了.然后我就醒了","01"
"梦见在泥水坑里泡着玩，而且是脱光衣服的，但是玩到靠边的时候我看到自己躺在边上，身体是非常干净的。这个泥水坑是在一个斜坡上凹进去的一个坑形成的，斜坡的顶端那头连着一个大湖，我的朋友在里面泡澡。很奇怪，又有点无厘头，望大师们帮解一下，看是预示了什么。","05"
"梦见鞋子插进我的阴道里，是那种帆布鞋，但是我平时不穿帆布鞋的，鞋子上还有阴道的分泌物。。。梦很不可思议，望大师及各位朋友帮解梦","05"
" 我梦见 在一家店里和我妈妈大吵一架。貌似是为了衣服什么的还是什么的东西吵架？我记得我貌似哭的很厉害，我醒来后也有种很深刻的记忆。 然后店里的一位姐姐给了我 一推钱？不知道为什么？收到了钱？我最关键的地方 忘记啦。总之很不安。加上 我家里 有人要开刀 问题是 我从来不做梦 的 尤其是这种梦。求解！大师请指点指点！这到底是什么意思！！！啊。","02"
"梦是这样开始的，当时是晚上，灯光昏黄，我在路边闲逛，忽然扭头瞥见我朋友，跟他两个徒弟。他对其中一个徒弟又打又骂。。动作大到像地震一样。。这个梦中间就像是被掐了一段似的。。他打完那个徒弟，直接就跳到他已经被砍完的时候了，。他面对一栋楼站着，面前是墙，他抬头骂那个看他的人，当时我还纳闷，那人在上面 是怎么砍到我朋友的呢？我朋友想要直接从外墙爬到那人那层。。被周围人给拉下来了。。","04"
"梦见考试，其他的考得还不错，有一科差几分导致整个不通过，跟之前的同时说话，被反驳。","01"
"梦见老公的姐姐来我们家，我正在整理衣服，然后就拿了一件衣服给她，说这衣服是以前她给我的现在还给她，姐姐穿上衣服以后腰身突然变得好细，我还对自己说要减肥，死去的公公也在场，不知道这个梦预示什么？","02"
"凌晨的时候做了个梦 梦见我想回家的 我现在在江苏省 我老家在浙江省 一路上不太顺畅 在路上还听到有人在议论我不行了什么的 路边还有坟墓 后来在经过一个地方的时候门口有狼狗我不敢过去 旁边两个小姑娘带着我掩护的可是走过狗那里她们把我带到一片湖泊 旁边有条路 都是冰雪 说要穿过这条路才能过去 我不肯走 她们就跳湖里游泳 湖里都结冰了 没办法我只能走了 走这血越后都压我身上了 我拼命推开 后来又经过一个坎喷水的喷在我身上浑身都湿了 说穿过去就到了可是路很小匍匐前进还是弯道很难才走过这段路 我就给吓醒了 我好害怕 听说梦见雪不好的在我醒来的同时我老公也吓醒了 说梦见我出了车祸 大师这梦是不是不好的啊 我该注意什么 吓死我了 马上起来再也不敢睡了","05"
"中午睡觉，梦见一个朋友打包饺子到我家，他没吃，我饿了，一个人全吃了。求解","03"
"梦中只要出现的是：1.食指上的戒指（破军），2.白色的狐妖，会幻化人形，而且都是女的 3.一个小佛庙，我在跪拜","04"
" 主要是梦见了 我在一条大马路上走，四周都没有人，我走着走着就想回头看看，发现父亲吊死在一颗大树上，吊的很高，我碰也碰不到，之后我就一直哭，然后中断，接着梦见我妈给我爸火化，并且是秘不发丧，我就哭着求我妈把骨灰给我保管。紧接着就哭醒了","04"
"梦见我自己也是在睡觉。然后就感觉耳朵里有东西往外爬，挤！和坐飞机耳朵承受压力一样很难受。我自己慢醒了。然后意识到耳朵有东西在往外爬！很害怕。然后终于掉下来了是只黑蜜蜂个子还不小。我很害怕。把蜜蜂丢走了。寻思还好出来了。打算继续睡。然后又感觉有蜜蜂在往外钻。然后又掉只蜜蜂。很恐惧。想千万别在有了…刚打算睡又感觉蜜蜂在钻…很缓慢…过程很难受…","05"
"我去朋友家玩，她爸爸养了好多白蛇，还有他家里有许多檀木，白蛇都在那里面，我一去白蛇就追我，我就跑，它就一直追知道我醒了","04"
"梦到自己好像是在老师家中，老师出去了，我打看一个窗户看到一望无际的大海，海内暗流涌动，很湍急，但海上没什么大浪，而且上面还有好几个发电站，看到电在水中，滋滋的响，气势很大，而且老师屋中也有一个我不认识的女孩，她在那看电视，我在窗口看海","05"
"梦见自己抱着一堆东西上车 往行李架上放东西碰掉了别人的东西 差点砸到别人是个中年妇女 她一直在骂我 我就道歉 后来又梦见老人螳螂挠下我薄薄的一层头皮，我有点酸疼，流了一点点血。伤势很轻…然后我把它用书夹起来，把它头肢解了。它很长很大，但不肥","06"
"梦见与出走将二个月的妻子边性生活，与妻绊嘴，去年腊月十七早六点四十分在姐姐家出走，不知能不能回来，找不到，急，多方杳找没下。","05"
"有人要迎娶一位新娘，让我去接亲，接亲的还有十几个人。我都不认识。我自己有古代女人的头型揝，我背着一个大书包，书包里有东西，说不让看，但我看了，新娘家里人不高兴。还说要让新郎给红包，我说我把红包都给你们。我不要。还奏乐。好像是佛教音乐。","03"
"昨晚一梦：梦见自己忘记搁放在单位会议室长条桌下层的的一万元钱，在无意中找个盒子的时候，意外发现了。单位女清洁工说，她早发现了，但没动。","01"
"梦里有人上了一个台阶推了一辆只有一只鸭脚的小推车去海边接人，我来到海边，海面波涛汹涌，这时有一个小精灵飞越海的上空用小魔棒把海面变平，好象时间停止似的。我在海边等船上的人下船，突然间下起大雨，但有人为我撑伞，我抬头把手伸出接接看雨滴，心情很平静并且醒来。","05"
"梦见我和朋友走在路上，路两边都是坟墓，有个声音说要往坟头上压钱，不然不好，我从兜里拿钱每个坟头都压了一百元，后来又碰见两个，但是兜里没钱了，有人跟我说压点零钱意思一下就行，我就压的零钱，后来梦见到新家了还是西户带飘窗的那种","03"
"公司的一个供应商来找我，我请他去小饭馆吃了烤鸭，回去的路上，我不想让他跟我回公司（供应商是个小伙子），我要跟另外的同事去分公司，然后我和同事走到一个小山坡，上面晒满了金灿灿的稻谷，我在上面跑，但跑的很慢，供应商在后面追我，好像还摔倒了一次，反正感觉挺兴奋的挺高兴的。","01"
"昨晚我梦到：先是天空暗下来了，接着我看见一条灰色的龙从天空降下来，我很害怕。正在这时，那条龙变成一个古代的贵妇手里牵着一个也穿着古代衣服的小孩降落到地面,就是不清楚是男孩孩是女孩。","05"
"梦见自己赤裸上身，抓到一白鸽。白鸽身上有花纹，华美异常，且有羊状图案在腹部。初始鸽子欲走，我用力抓住。如是再三，鸽子最后老实不再有飞走的迹象。随后鸽子拉屎在我肚子上。","04"
"梦见马上要和我离婚的老公和我一起坐船，靠岸的时候，老公上岸后拉住缆绳，想将船靠岸，但是忽然船又驶离岸边把老公拖下水，他在水里挣扎，我坐在船上，船（这时变成快艇了）飞快地开着，我很害怕，紧紧地握着方向盘，快艇快速的前行，船头接近90度的直立行驶着，过了一瞬间，船就慢下来在另一个码头靠岸，我轻松安全的上岸了","05"
"孕妇梦见一个好像很熟悉的女鬼，跟她和另外一个女子说，女鬼小孩很多，还有两个儿子没地方去，要她们帮忙照顾。","02"
"我在梦中是处于高中的年纪吧，可能，记忆不是很明确。梦到过去的一个同学，是小学同学，他叫我在一个地方等他。那天，要去学校，但我还是选择先去见他。我走了很久，才发现走过了，又往回走，又再次走过，后来终于到了，他却离开了。另外一个女生给我一包东西，说他等了我很久，我打开看，是一张便条和一卷胶片。便条上写着“我先去工作了，别去找我，那里不适合你”，我拿着胶片把相片洗出来，是很久前的照片，有我和我的家人，那刻，我感觉他好像有点喜欢我的样子。后来，我急着去上学，拼命的跑，还是来不及，就等公交车，等了好久，结果坐错了车。很奇怪的是，现实中，我和那个人根本算不上熟，而且也只是小学同学。如果不是这个梦，我可能都不太记得他了。","02"
"梦见自己去澡堂洗澡，一个洗脚美自己脱了衣服也洗澡，我背对着她。但是从墙上的玻璃我看见她去关门，关门后她洗阴部。阴部一点毛都没有","05"
"开始很多人在一起  不晓得为什么  他们不知说什么  我突然拿到刺伤朋友好几刀  之后回家取钱 去朋友 很害怕  有感觉是小学到高中的人物  封不清楚   这个梦就想贯穿现实与梦幻之间","04"
"我和我妹妹走在田野边我就看见一个电线杆上长的密密麻麻的都是红花，我和我妹妹说都是红花，我妹就说原本是绿色的，然后我就看下面是画上的红花，我妹又是红色油漆染上去的，我走到电线杆的另一边有3，4朵突出来的是蓝色的，我就说是蓝色的吧","01"
"梦见老公到我上班的超市里来，我们（还有同事）突然发现一条花蟒蛇又粗又长，避都避不及。老公居然跑去逗蛇耍，蛇一下跃起来咬了老公的嘴唇，老公使劲抱住蛇颈想勒它，（我当时看见蛇头好大哦），最终商场保安拿着木棍把蛇吓跑了。然后我冲上去看见老公嘴唇肿起的，就和儿子一起找个人力三轮把他扶上去往医院送就醒了。","06"
"梦见自己走在路上，走着走着，忽然捡到一个大金镏子，很高兴，正琢磨着没想到自己的运气可真好，还能捡到金戒指，走着走着，呀，又捡到一个大金镏子，还觉得好运气竟捡到两个大金戒指。。。","03"
"梦见自己去邻居家称体重，然后本来只有将近50公斤的自己居然增加到了近66公斤，然后自己老不相信，说他们的称不准，说我妈的比我胖那么多都才60公斤，我不可能那么重，然后他们说他们的称确实不是很准，但是也没夸张到这个程度。梦境中自己还是跟现在一样，确定体重肯定也没有那么多。","02"
"梦见一男一女到家借水喝，因为我自己在忙就告诉倒水的位置让借水的女人自己倒，后来又有人来我家买东西，走进摆的地方就看见一堆大便，","05"
"梦到家里的天花板上长出好多蘑菇，有两种颜色，很大，还有分了雌雄的，雌蘑菇正在不停的繁殖，蘑菇越来越多越来越大","02"
"昨晚梦见亲戚家黑烟滚滚，没看到大火，然后我就喊我老公去救人，跑去一看他家男主人及一个孩子被烧死，她老婆在痛哭，我看到他躺在厨房灶门前已经死去，我当即也痛哭不止，直到哭醒。亲戚家在拆房子，准备建新房，他家一直频频出事，孩子身体也不好，在拆房子之前，他老婆无端端在家里摔了一跤，摔得嘴破脸肿，不知此梦有何不祥之兆？肯请大师解答！","04"
"做梦时间早晨：6到7点之间，梦见水中鱼分二部分，左侧有3到4条大一些的无色是灰黑的，右侧有7到8条小一些的这些鱼中有可见彩色鱼，水深在小腿左右，没有用手去抓，手中拿有照像机，想把水中的鱼用照相机照下来。请给予解梦。","05"
"晚上梦到头上有很多红色的虫子，用手不停的往下弄也弄不完，梦境中还向妈妈求助。我一直用手往下抓的扔可还是有很多，后来就难受醒了","01"
"梦到我在家里，3个朋友来我家了，其中一个给我送来一个很大的甜瓜，说是她自己家种的。后来又去了外面，看到 了一片树林，四周都是树，中间有块没树的地方种的甜瓜，地里有好多甜瓜。","02"
"梦见自己和另外一个人结婚的场景，仪式很简单，但是很忙碌。过程中自己上了婚车，自己也记得结婚的人是谁。求大师指教是什么情况？自己有些担心。","02"
"梦见我在飞，看见我的女儿赶着一辆很多马拉着的大货车，车装满了货，可车在到达地点时马漩进了一个干柴垛都死了，马都是白马，不知什么意思。","04"
"梦见直径1米左右的大蛇咬，没咬着，我骑在他脖子上，双腿夹着它七寸处，被他带了很远，中途遇见铁路刑警枪击它，打不死，大蛇逃脱后我看见它吃人，身体快速恢复。后来手机钱包都掉它窝里了，不能呼救，惊醒。。。","04"
"梦到奶奶像平常一样，然后感觉是隔壁邻居要结婚，她帮忙，然后我说您别打扫了，我来，你指挥，你休息，然后我奶奶就让我给一盆植物浇水，之前她都浇过了，我看见那里面水都已经淹到土上面了，我说再浇会淹死的，我奶奶非让我浇，然后我打了一盆水浇了下去，然后很清晰的看见那么多水被这盆植物吸收了，看着真神奇，这什么意思？谢谢","05"
"梦见一只油光水滑大得跟猫样的老鼠，梦里感觉它是我的宠物，在被子里还抱着它，一会它就自己爬出来大摇大摆的走了，头都没回，我突然发现肩膀上被咬了两个洞但没出血，我还问妈妈要不要打狂犬育苗，我妈说不用了，这什么意思","06"
"梦见和母亲在一起走着，眼前出现国家修路的情景，到处挖的稀巴烂，但没有修路的工人，只看到很多车，交通点阻塞，有一辆大车突然调头倒车，求大师帮帮我。谢谢~！","03"
"昨晚梦见睡在已经死去四五年的姥姥和姥爷中间，快到清晨时我去隔壁了，然后就感觉姥姥和姥爷那屋有动静，过去就看见姥爷坐起来了，吓的我回到隔壁就把门锁上了，姥爷就追着我好像还说了句什么，然后我就打110，结果串线了，一女的接的，我要求她帮忙打110她拒绝，可后来还是接通了。这寓意着什么？请大师帮忙看看。","02"
"第二天梦见自己被猫抓，不敢动 一动那只猫就狠狠的抓我一下。","06"
"梦到在喝酒，突然朋友家的狗来咬我下体，然后我的狗把它赶走，咬我的那只狗被车卷进车轮","06"
"昨晚梦见很大一群蟒蛇 有黄白的 红的 绿的 花的 但它们对我并没敌意也没伤害我 我还跟它们一起玩 有条黄白的大蟒还在我怀里 我是一个女生 不知道梦到这样的是好是坏呀","04"
"昨天做梦梦见狗熊，我和3个朋友一起往我回走，我感觉后面有东西，回头一个是只狗熊，然后那熊就追过来了，马上要扑到我了，我装死躲过去了，狗熊去追其他人了，这个梦怎么解啊","02"
"早上5点左右梦见在为爸爸做入殓仪式，不知什么缘故？爸爸已经去世一年多了，从没做过这样的梦，醒来很累很累","02"
"梦到上体育课，不知谁拿了一条长的细蛇，过了一会，蛇过来缠绕住我的脚，我站着不动，它就走了。接下了又有无数次飞过来缠绕我，我依然不动，它都走了。","06"
"我是女生(*^__^*) 梦见自己往回家的方向走，但是我一边走一边说，我不想回家，走着走着，发现周围的房子变的一模一样，只有一条一直的马路，我想就向前走看看，不知怎么就到了一座像道观的地方，大门开着，仿佛人间五月天，阳光明媚，不冷不热，非常舒服，我看到有个大木桶，旁边有清水，冰块，我就装了一大桶，想着冰镇清泉水，拿回家给爸妈喝，可是我竟然向后院走去，后院有花，有一池清水湖，清澈见底，我跌倒了，并不痛，我穿着一身轻盈的衣服，清风吹过，阵阵凉意，我就慵懒的躺在湖边，左手放在湖水里泛出阵阵涟漪，此时，两位道人出现在我面前，一位道姑，好像要斥责我，但是说了什么我不记得了，好像是让我跟她走，感觉就像许久未见的熟人，另一位是道长，我坐起来，发现水桶倒了，水撒了一地，有松鼠趴在桶边饮水，见我就跑了，道长好像要我住下来一段时间，让我跟他走，道姑就气愤的离开了，他们和我说过同一句话，只记得好像有两个字……轻云，我对他们两位都很怯生，没有跟他们走，然后就醒了。","05"
"梦见自己在爬楼梯，好不容易爬到六楼才发现 自己双手在爬楼的时候被划烂，像被缆绳磨烂的似的，双手满是鲜血。我的宿舍在九楼，六楼以下都不能坐电梯，所以在梦里我就很费劲的往六楼爬，想去坐电梯。爬的过程中还在后悔为什么没在一楼等电梯啊。然后爬到六楼准备搭电梯的时候才发现满手是血。","01"
"我梦见我好像在一个屋子里，就像是农村那样的，有很多的邻居那种，有两个小女孩，一个大概10岁左右，一个大概6岁左右，她们到屋后的山上去玩，山上有个很大的水库，水库上面有很大的一个水车，在梦里我好像事先就知道你她们要掉下去一样，但是又故意不说；（我是在屋里，没在山上），然后我看见她们掉下了水库，整个身体被水库里的水车绞成了碎片。然后我和其他的邻居就在屋里说笑，我就打开水龙头，就看见流出来的不是水，而是鲜红的血，还有一大撮的头发从水里冒了出来，我吓坏了，然后邻居们就山上去找。后来又梦见我和我妈妈还有我妹，我们一起在山上的小路上走，好像是我妈妈去找我和我妹要我们回家的，好像是哪里有人死了，我们去看的。后来在回家的路上，经过一个田地的时候，我突然看见里面有个小孩，大概只有8个月大的小孩在田里睡着，哪个田里是很深的水，差点就把哪个小孩淹到了，我马上抱起哪个小孩，好像我还认识哪个小孩，又好像哪个小孩是我妹妹，（我妹妹现实中有12岁了）我好像在怪我妈妈把哪个小孩的衣服穿的太多了，又好像是在怪她们没有把小孩看住，让她到处跑。 然后就醒了，映像最深刻的就是死的那两个小孩，和谁管理流出的鲜血和一大撮的头发泡在水里。注：（现实中我已婚，但是没小孩）","05"
" 未婚女生，梦到黑色大蟒，很大很大，不是一般的蟒蛇，是夸张的像蛇妖那种大小，但它不伤人，只是四处蹿行，所经之处会寸草不生，形成沟渠，沟渠里都是黑黑的毒水。 但过了一两个小时左右，大蟒突然不见了，应该没被打死，原来寸草不生，有毒水的地方也恢复正常。梦比较详细，求解。","05"
" 昨晚男朋友做梦梦到我前男友杀了他。醒来他和我说了，后来我又睡了。我男朋友又梦到前男友又捅他一刀，然后梦到我说我和他一起死，我捅了我男朋友、然后自己也想死。可是刀被我男朋友丢了，我没死成，在我带我男朋友去医院的时候他吐了好多血死了，这是预兆着什么吗？我好怕……","04"
"昨晚做梦，梦见自己怎么成了古代的一位武士，梦见一个古代美女，似乎我们很恩爱，经历了很多事情，但我都记不清中间经历过什么了，但是我感觉很高兴很幸福，不时有笑容露出，但最后脑子唯一有印象的一副画面是她跪坐着，我平躺在地上，头枕在她腿上，似乎是死了，她头低着看着我，很犹豫，很忧伤，然后就醒了。都说梦与现实相反，难道寓意我现实的夫妻生活过的压抑吗？可我感觉我跟媳妇和三岁的儿子生活幸福着啊，那它预示什么呢？","04"
"梦到跟我从小玩大的一个哥们叫着人打我！我打不过就跑一直跑！他就一直追！","02"
"梦到一群大蟒蛇，都是水桶粗，黑色的，在我们村一条河流里，村民们在围观和捕捉，不知道蛇有没有咬人，只听见几声女人孩子的叫声，然后就看到人们把蛇逮住从我们身边过去，好像那条河没蛇了 ，另外一条河又来了一大群，然后又被捕捉，梦见在梦里生活了两天，居然买蛇肉和鱼肉吃，早上吃粥的时候还碰见了同学，同事，在梦里面就觉得醒了一定要查查周公解梦！这是什么意思啊！","05"
"梦见爸爸被火烧死 警察怀疑是妈妈放的火   而把妈妈抓进了监狱  自己又看到爸爸烧的焦黑的尸体哭的很伤心","04"
"梦见在守护一个东西，一条大蟒蛇想要得到它，还有几条小鱼也在守护各自的东西，，我准备把东西 吞下，，打蟒蛇威胁我如果我不交东西就吞了河里全部小鱼，，并当面把一条小鱼用剪刀割开，，，还梦到在床上捡到好多鸡蛋，有的碎了，，还有在老家我大伯门前河里有几个女人在洗澡，还下着雨，河水上面的电线被打的冒出好多电花","05"
"下大雨,发洪水很多人就要被洪水淹没,坝上沙土留失很多,一条死的大蟒蛇死在坝下,我上前想拍照,它变成了多头孔雀,想细看不知被什么拖走,追也追不上","05"
"梦见在玉米收获的地里，把小的立心白菜一层层拔净，有时候带点土，最就快成了白菜心了，用刀劈开两半，腌在缸中。","04"
"我梦见自己的孩子和男同事把屎拉在盆子里，自己端着街边一坑里，街上有冰有水，还有个水龙头，还用水冲着刷了刷盆子","05"
"忘了是在哪的，一路上还特意护着手机有事没事捏捏兜，发现能摸到硬物才放心，结果还是被调包成一模型，然后追凶未遂，回到宿舍大发脾气，发现自己和同班同学都进错了宿舍…他们在别人班的宿舍睡觉…然后我妈又说人家过会把手机送回来，因为她是警察，那个小偷认识她，翻到我手机里我妈的号码就吓得送来了，求大师解梦","04"
"梦时在一个洞里，用布分别装了两条蛇，旁边还站了一个我不认识的人，突然那白蛇出来了，也只有蛇唇是红色的，它看着我，慢慢向我游来，我怕它咬我又不敢动，还是旁边的拿着布袋小心翼翼向蛇扑过去，我出了那洞，那人也抓住了蛇","04"
"梦见跟外公外婆奶奶舅舅爸爸妈妈弟弟妹妹吃饭我和弟弟妹妹去另一个房间吃吃完饭后我们大家就坐着姥爷的蹦蹦车回家了","03"
"我昨晚做梦梦到自己在床上睡觉时底裤上面到处都是血，而且给了我婆婆说，然后用纸巾擦一下下面，可以清楚的看到纸上的鲜血","01"
"昨晚 上梦见好像 和老板 还有同事 一起坐在船上在河里游行时，突然 船的另一头好像慢慢的向下沉  水漫了进来，好像这个梦重复了两次，后来还做了一些梦  是工作上的事情，早晨起来 很清醒 的记得梦  。","05"
"前一天梦见自己跟一个在梦境里是之前认识男的搞对象因为自己喜欢的人不喜欢自己就跟那个人好了，第一次见面确立关系就舌吻，后来过了两天又梦见和他一起上学，为自己不能和喜欢的人在一起就随便找个人好了，特别后悔，还献出了自己的初吻，为此特别后悔，然后就一直想办法找同学出主意跟他分手。","04"
"在一个很大的空地上 我看见非常大的太阳 然后看到我爷爷退着小车在卖东西 我上去买了4瓶水和一些零食，我梦到跟我女朋友拿的钱 然后我清楚的记着给了28块钱，我印象中太阳好大好红 感觉离我好近。  这是什么寓意呢","01"
"梦见不知道去哪个酒店合我妈老婆还有一个不认识的20多岁的小伙一起坐电梯好像去24层然后还找不到24层得按键做到27层然后找到24层得按键回24层的途中电梯就坏了歪了一下就摔下去了眼睁睁看着自己在电梯厢里摔到马路上的冬青上然后4人全都没事安然无恙我记得我们从电梯里起来后就走了走着走着我又和那个年轻人回酒店商量赔偿的事情老婆和妈妈在后面走和酒店里面的工作人员说事的时候就醒了大概就是这样了请大师帮忙解解谢谢了","02"
"今早晨我梦见自己背靠着父亲的墓碑晃，墓碑倒了，从离地面约20厘米的地方断裂了，我大哭（梦中父亲的墓地在人多的地方，周围的人都是同学邻居朋友）已故母亲的一个非常好的朋友也在边上，见我哭了便祷告着（此人信佛）告诉我再立一个墓碑，我就哭着告诉了哥哥（没敢说是自己弄倒的）又告诉了已故的母亲，母亲微笑着没说话，跟着我要去看，我就醒了（父亲母亲葬在一起的，父亲先故的）请大师帮助解答！谢谢！","04"
"梦见下海边玩水，怎知越走离海边越远，以为会有很深的水把自已给淹了，但没有，水一直才到我的腰围，但同时也很怕水，有恐慌的心理，还好，这时水中间出现了通往岸边的沙滩，恐慌感消失了一大半。","05"
"做梦发现自己皮下有虫子在串，好像蛔虫，按都按不住，我使劲掐，最后把血管都掐断了才好虫子抓住，抓了好多，心里在想还好没出血，终于抓住了","01"
"梦见自己在学校上上铺，快到了，床突然倒了，并且压在自己身上，木床也坏了。自己却没事。其他同学都看到也不来帮忙，很无助的保持那个姿势。然后就醒了。","01"
"梦见跨栏运动员去世,一群支持运动员的人在街上走着，人群中间是他的纪念碑在车上拉着。然后看见别人代替他表演在一个巷子里，巷子里有户人家门上吊着白条子，摆着花圈","04"
"梦见好多人面朝下漂在水上。女的在左边，男的在右边。把女的翻过来发现还有救，然后死的就都是男的了。而且每个人都是一样的姿势～右手弯曲举过头顶，就像平日睡觉时的样子。但是，总在确认那些人都已经僵硬了。醒了来就记得这些，最后怎么了我都不记得了。这是我前天早上梦见的，当时一点也没感觉害怕，很奇怪。","05"
"灰蒙蒙的天， 突然起了大风，把窗吹开了，然后看到漫天黑云从南边的天迅速向北飘过，又留下灰色的天。我在屋里躺着，关上窗。妈妈和姐姐回来向她们描述自己看到的这一切。","02"
"梦见自己在一艘停靠在岸边的船上，我趴在那里，感觉自己自己就要掉下去的样子，非常害怕，打电话跟男朋友说，那又不像是甲板像是在某个渡口，地面材质是水泥的","05"
"梦见丈夫里面穿一件橘红带点的衬衣外套一件黑西服新剪的头面带微笑后来孩子和丈夫不见了我去参加一个什么会后院的地面全是玻璃玻璃下面是水水里养了许多怪东西就像鱼那么大我很担心这么晚了孩子还不回来爷爷来电话我把水里的怪物装进塑料袋怪物长得有点恶心","05"
"梦见隔壁家撤房子，压倒我家的厨房，房子妈妈还吃着东西安然无恙的出来，手机被压成两半，隔壁人家，还主动带我去买电话.求解惑","03"
"梦到已故的亲人，她昏迷前我们还一起躺床上说话，昏迷不醒时在医院抢救。抢救了几个小时没抢救过来去世了，我就哭醒了，怎么回事。。。。","04"
"一个晚上先梦见自己怕被狗咬，然后拼命打狗怕狗打不死然后把狗头砍了，然后又做了个梦，手腕地方插了块玻璃，然后把玻璃拿出来流了好多血","06"
"在一个雷雨交加的夜晚，我梦到我的一个同学变成了鬼，飞过来要我和另一个同学的一张写了名字的纸。她使劲的抓我，我叫同学快给她，我拼命的挣脱她的手。我顺手拿了木棍打她，后面被我打死了。我意识里面知道是做梦，但就是醒不来。醒来头疼剧烈，太恐怖了。求解！","01"
"梦到老公没拔下钥匙，里外两层门的钥匙都没拔下，门未所，只是关着，我们正在休息，未睡着，有贼进入，俩贼，男的，穿着军装似的，贼翻东西，被我发现，我质问他们在干啥，并抓住了一个人的手，贼见被发现，随把偷的东西不慌不忙的放下，给我们关门走了，我一看门的两层锁钥匙都没拔，责怪老公，老公也并不觉得犯了啥错，只是傻笑，说我也曾把钥匙忘了拔下来过，","02"
"梦到我的无名指断了(忘了左手还是右手)，被一个好人接上，没过多久，又断了，我找医生接上，结果没用，继续找前一次帮我接手指头的人帮我接手指头，还梦到妈妈的腿上流脓，心里不太舒服，有点担心","06"
"昨天晚上梦见和别人一起在浅海部分玩，我们联系憋气，可是突然一股大海浪涌来，将我高高刮起，很大的一股力量推着我好像越过了许多大洋，什么大西洋太平的，在梦中十分害怕大浪停止然后摔在陆地上，幸运的是落在了海里然后平安无事。另一个场景在医院，一个人躺在病床上，周围很多医生，据说也是因为被大浪卷起，不过受了很重的伤，精神也不太正常，还乱打人。请问这意味着什么啊","05"
"梦见回到很小时候住过的家，爸爸一人坐在客厅我问妈妈呢，他说去给别人做饭去了，然后我走过一条无人的街路边有棵长的很茂盛的树，在一个房子的二楼左手的一间房子里找到去世的妈妈在给一个孤老太每天做饭，我跟妈妈说：你身体不好还给别人来做饭?爸爸都没人管，妈妈没说话看着我好像在说：你长大了爸爸不是有你吗?我独自回到家还有人拿要洗的衣服让她洗，像在打工赚钱那个意思。","02"
"梦到自己和一群人围观好多狗被一个人用铁棍打死！脑浆都爆出来了！旁边还有好多人在看！我躲在人群中，梦里的心情觉得狗蛮可怜的，痛恨打死狗的人！还有前天也梦到一群狗，但是梦里的自己很害怕，好像怕被狗咬到！那群狗只是在远处观望我，并没有咬我也没有冲我吼叫！","04"
"梦见外祖父骑自行车，笑得很开心，我追着跑，告诉他我在杭州上班工作很顺利，一切都很好，让爷爷放心，爷爷没说话，笑嘻嘻的骑远了","01"
"梦到自己过生日请家人和以前认识的人，但是那天老爸特别生气。还梦到吃特别大的螃蟹。但是我跟打仗是已经死了的海军说话什么都没吃到。后来大家都走了，我特生气就去抓把我的菜拿走的女人打了一下，又进来个男人打了我一下。然后妈妈进来我就醒了","02"
"中午，睡觉时梦见，感觉一阵风来，鬼进我被里与我睡，我发现后就赶他，他咬我手二口,用左手打他，他咬我，我用右手赶他也咬我，","06"
"梦到在我们家，一个理发师在给弟弟理发，理的不是很好，突然发现发型竟和前男友相似，然后在清理头发渣的时候，看到弟弟脖子里长出一个疙瘩，紧接着胸前也长出更大的，我忙问弟弟，有没有胸闷气短的感觉，然后换衣服准备送他去医院，胸前的看似有点像心脏，我很害怕，然后醒来...","04"
"梦到被自己熟悉的人用枪打着，但不疼。自己又用刀砍了别数刀有伤口，但未见流血，马上看到伤口愈合了，自己也被对方砍了几刀，流血了，感觉，感觉到疼痛。","04"
"今下午午睡，先梦见坐车上，后来又怎么在河边洗衣服，水流很急，很大，站脚的地方都掩没了，我站在边上的小石头上一会发现我的两双鞋被水冲走了，前面也有个人站在水里洗。我叫她帮我拣一下，叫好久也听不到，紧接着我床单也被河水冲走了，","05"
"梦见在赴男友约的路上，前面的车，火烧车，继续开走！我乘坐的的士蹭到火堆也着火了，我迅速跳车，就醒了！","01"
"梦到了自己站在高台上，远方卷着翻滚的楼宇的海啸,惊天动地地向我的方向斜着冲过来，我的心里非常担心处在低处的家人，然后我就被惊醒了。","02"
"醒来就记得我和她打的很厉害，我还把她打败了，然后两人就不讲话了，好像我爷爷看到了，不知道他说了什么。后来有个男人，我后妈就告诉他，不适合和我结婚，说我太凶，以后打不过我。还有就是发现我奶奶的床尾好脏，那一头的被子也脏，我掀开一看，都发霉了，而且还有小虫子，我也不确定是不是同一个梦","02"
"梦见家住的小区里面一个大湖泊里面还有鱼，我还要去捞鱼，我妈让我捞小的，我要捞大的，当然那个大的也不大","05"
"梦见父亲和弟弟变鬼要杀我，梦里全是家人，开始是爸妈吵架，后来不知道怎么害怕就往外跑，爸爸弟弟就成鬼了，要杀我","01"
"梦见有人掐着牙齿两侧，说父母是因为我而死的，我也应该离开。想挣扎却精疲力尽，冷汗直流！梦中听到孩子叫我妈妈，有想更愤力挣扎，却越迷糊！告诉自己要睁开眼睛，却不知道自己身在何处！最后家人的开门声把我吵醒！、醒来时候就觉得脚麻","01"
"梦见有坏人污蔑我意识中的朋友，我护着我朋友来到我姥爷家，坏人拿刀抵住我的脖子，想我姥爷索要钱财，趁坏人拿钱财的时候，我那着一把匕首制服了坏人，我朋友也制度了另一个坏人，我让他报警，想用匕首杀了坏人，却发现刀很钝割不伤坏人","04"
"一大片茂盛的草，有一片很茂盛的草，我先是用手拿拔，后来用镰刀割，我和老婆割了好大一堆草往篮子里装割了好大一堆往蓝里装","02"
"梦蛇咬我没咬到并且蛇长翅膀颜色很漂亮我有点怕蛇是在一个水塘里我到水塘里采蘑菇因为水塘里有一个小岛岛上有蘑菇","05"
"梦中见到如来佛大金身在妈祖庙外不言语，长发女躲避别人的抓捕，最后被很多人团团围住，当那些人围上来时，那女的竟然像腾云驾雾一样离开，后来我看到佛祖诵经的地方，还有观音菩萨来到1座院子中，院子门上画着1位门神像，画像下半身是符，院中有位屎壳郎妖捉了几个人，有1个病的很重在发抖，其他人给他生了火，但火被妖灭了，后来来了2位古装男女，男的把门上的画像符给画破了，还教菩萨画像中的咒语，但是咒语太复杂了，我听的头大记不住，终于学了1个咒语，屎壳郎妖发现动静了，跑了出来与菩萨战了1回，妖怪的攻击是一团一团的火，但是都被菩萨刚学的那个咒语（有金光环）把攻击挡住了，我看到菩萨施的法术上有白云，更奇怪的是这时居然变成我在与妖怪对战，而且是菩萨的衣着","01"
"梦到全家去旅游，从这个宅子里出发，一共两辆车我还记得其中一辆车是我在开，很清晰看到我开出门了，中途路上我踩了刹车没有什么反应，很急，拉了手刹，靠在有树木的小斜坡停下，然后跟其它人去买路上的水和其它东西了。回来的时候也忘了刚才的事，我做进车子准备启动，听到外面车子后方有个妇女在说什么的声音比较大，觉得是像在跟我说，但是我没听清内容，发动以后，车子一直冲下坡，我拉了手刹但发现，手刹已经拉起来了，撞着下坡的灌木树和竹子车子有点慢下来，车子里有个小弟弟说“姐姐，前面是什么路？”问了两遍我都没回，我见车门能开想出去，车速还是有点快，垫不到地。车门真的很卡，我出来了。但是我发现自己在老宅子这里，而且已经是晚上了。我看到以前的同事在加班，行政经理说谁谁谁走了，谁谁下周也要走了，公司里现在这些新人我都不熟，还有一个以前教过我的老师来我隔壁办公室看应聘信息。看到同事在吃饭，我也饿了，就走了。看到守门人，我问他我明明记得我出了这个门的，前两天你看到有两个车子从这里开出去么？他说“我从来没有看到你从这里出去过”我很奇怪。我发现自己来到一个房间，红色的布有黑字，不知道写的是什么，潦草，但是看久了头晕。我像是在回答什么问题，我能走动了，逃出来。我看到另一个守夜门的人在写字画灯笼，旁边还有别人在跟他说笑什么。我过去问，为什么你要把可乐罐带在身上，他说是为了防身，这里以前很早是大户人家的3个小姐住的，后来有个小姐被害死了装在罐子里，这里就不太平了。所以身边带着罐子就不会碰到奇怪的事。我要了一个罐子拿在手里又往前走，看到从前的守门人，我想过去从前面的大门出去，他把我拦下来了。他说“这里是三门不要从这里走，从这里进出会不太平”我问“不是一共就两个门的吗”他说“以前发生过些事情，这个门很邪门的，你绕一圈从前面的门出去，不要再从这里过了，大伯给你去开门”然后我就绕了，快到门口的时候看到有两个女的在做什么恐怖的事，第一反应觉得这一定不是鬼，她们发现了我，追了出来。我身上有可乐罐，我使劲捏着发出声响，好像不是那么管用。终于逃出来了，但，好像不是出去以后居然是白天，很多人，我见人就问这是第几个门？没人知道，找了个老大爷问，他好像是年纪大了耳朵听力不好，旅游团，我看到导游小姐在讲解，我跑过去问，但是她一直在跟另一个说话，我插不上嘴。等她们说好，我听别人说到，这是一个小门，是第4个门。我又跟家人走在一起，我老公跟我爸走在前面，我跟我妈在后面走，我爸送了我妈一个礼物，是我妈很高兴提议全去一个什么地方，在路上走。我问我妈，你们那天是在哪里集合哪个门出来的？她说“不是说大家在那个门口集合么，跟你一起啊？”我很害怕，老妈好像不知道走错门的事。我让老妈跟紧我，拉着我走，不要跟老爸和我老公走散。觉得好像在老妈身上重演跟我一样的事。结果人流冲散了我们，我回头看一边是老公和老爸还在往前走，一边老妈却被挤散了，我就想去拉她出来，赶紧赶上老爸他们。后来电话铃吵醒了我，电话是老公打来的。我醒来都已经是下午16:43分了。中午睡到现在，居然做了这么一个梦。我一口气跟老公说了一遍。心里很不舒服，像是一个冤鬼困住我的梦。不知道里面有什么意思？我很想知道","02"
"梦见奶奶家的上面死了个有点点亲戚关系的老人家。就住在隔壁的。用麻布套着，没有头，血淋淋的，","04"
"我飘在海面.四周只有海水 没有别的..天是黑的.海前面有个好大的月亮.好像触手可及似的..月亮三分之一被海水遮住了.我看着月亮.突然耳边响起一个男人的声音.说是""没有海水就没有月亮""= =然后我就醒了...谁能告诉我这到底预知这什么...","05"
"还有一个.梦见在树林里走着.突然看到一个棺材.梦里的我并不惊讶.很淡定的走过去.棺材是竖着悬空这的 .然后被很多铁链绑在树上面.上面有个很大的十字架.好像整个盖子被那个大十字架覆盖着.然后旁边的那个人要给我说什么的时候.我像看到什么人似的.就追过去了.很可惜追丢了.追的时候我还看到了一栋别墅","02"
"梦见儿子的手腕被两条蛇中的一条小蛇咬了，记不清楚是2个还是3个牙印，还出血了，还抱着他去求医","06"
"前天晚上，梦见我进了一间三居室的新房子，墙是白色的，地面是水泥地，没有任何家具，进到一间小房子，应该是厨房，发现从金属水管里直喷自来水，一会地上就积攒了许多水，我就站在水里，地上的水清澈见底，淹没到我的小腿，不知此梦是吉是凶，我听说梦见脏水是好事，那是不是梦见清水就是要破财呢?","05"
"梦见自己在监狱，之前碰见一个人，对话说是家里人同学，然后看到枪决时候扫射那个人所在房间。枪决前与那人对话说希望帮忙找个被单盖着。于是去找，找到回来在停尸房看见很多尸体(无血)，但是找了几圈就是找不着那个人。","04"
"我二十三岁，女。昨天晚上梦见四头很可爱的小白猪，好像是刚生下来的一样。它们还对着我笑，笑的把我都给笑醒了。我想知道这个梦有什么解说。谢谢了。","01"
"今天凌晨，梦见和几个朋友在一较偏僻的街上闲逛，我走在前头，忽然感觉有点不对劲，后头的人好似消失了似的，回头一看，他们正缓缓倒下，同时，我感觉胁下一麻，也被偷袭（点到了胁骨未端），然后就痛醒了。","06"
"今天妈妈说梦到死去的姥姥，姥爷和她说话 说好像要带她去什么地方 然后妈妈说不去 别的妈妈说记不清了 我想知道这个梦有什么寓意么","02"
"我骑着自行车，后面带着人在田间的小路上，一路上有很多蛇，当时梦境中风好大好大，可以把蛇吹起来，而我正好是顺风而行","02"
"我昨天晚上梦见两个类似的梦~第一个梦我看见水里有很多很大的鱼之后我男朋友就要下去抓鱼~我急忙叫他不要下我知道那水很深~他就不知道就一脚踩下去那水好深呀~~之后我就伸出手把他拉了上来·也就没事了~~第二个梦是在水库那里~·他滑了下去~之后我也是急忙叫他不要下去~话还没落~他就滑了下去~有惊无险的不知道怎么的就滑到稻草上去了~·之后从小路那里走上来。同一晚做这两个梦是什么意思呀。","05"
"我今年26岁女，结婚已半年了，昨晚我梦见一条很大很黑的蛇，黑蛇在钰锅里我盖上锅盖压上转头放在火上蒸，最后蛇在大火中挣扎蛇没死，请问这是凶还是吉？","05"
"你好，昨天晚上做了一个梦，梦见一个朋友送我一只猫，是黑白纹的，这只猫很钟情于我，我把它送给了别的家，结果这只猫很悲伤，似乎最后郁闷而死，我很难过。这预示着什么？","04"
"我老婆已经怀孕了，然后做梦梦见耳环掉了一只，好没找到就醒了，我想知道这意味着什么，是好还是坏","04"
"先是梦见我和另一个人，好像我们都是和尚，但穿的是普通人的服饰，我们走到一个教室，那里有一个女老师正在上课，讲的很好，看见我们来了，就走到教室的左上角的面向黑板的讲台上去坐了，我本想请她继续讲的，但她只说了几句就不说了，另外一个男老师又说了两三句就宣布结束，让我们讲，但我们什么都没说，只打坐，全班学生也在打坐，好像正蒙蒙胧胧的，被什么打断了。","02"
"后来梦见一个地方有人正在杀一只公鸡，我没有鸡可杀，往前走了几步，看见一个火盆，一只母鸡座在火盆里，燃烧了起来，可它一点都不害怕，我对和我同路的人说那我们就吃母鸡，还有其它的母鸡也在排队，等着进去燃烧，但只第一只燃烧了，其余的还没进去。梦境中特别清晰的是那只母鸡座在火盆里燃烧的情形，火以它的羽毛为燃料，越烧越大，最后它的外壳都烧光了。","01"
" 整个梦比较奇怪。前半段还算正常，梦见和我分手了两个月多的女友，（虽然分手，但是断续有点联系，因为一些现实因素分手，情尚在），算是藕断丝连吧。在梦里梦见和她关系看似缓和，但是还是有点僵硬。（比较符合现实我们的状况，因为虽然分手但是心里尚是放不下她和这段情），然后后面的就不对了，就乱套了。梦见我招妓。那个妓女是我现在的大学同学。看我的眼神复杂，她看我的眼光似乎能有点懂我，看透我，然后还透露着喜欢，和羞涩看着我。我梦见梦里的我，知道别人对我可能有点意思，但是好像又有点什么因素让她不是很愿意和我发生关系，我梦见我去挑逗她的乳头，调情，让她情欲燃起。然后梦见我们赤身抱在一起，她依偎在我的怀抱（这个同学，和我平时来往不密，只是见面打招呼，平时不怎么说话的同学，而且我也不喜欢她。）然后后面又梦见爷爷奶奶家的书房，养了一些动物，有一只母花猫，两三只小猫咪。一只黑色母狗和一只黑色小狗，然后还有一只母的圣伯纳犬和小圣伯纳犬，似乎是爷爷奶奶养的宠物，我问为什么养黑狗，忘记爷爷奶奶怎么答复我的了。只记得说反正那黑色的狗似乎要用来做什么类似祭祀之类的用途、、、、、、、、中间最不明白的就是春梦那段。其实在现实中，我的生活很规律，私人生活也不是随便的人，虽然不说有多么正人君子，但是我也绝对不是好色猥亵的人。不明白为什么会做这样的梦。求大师解梦","05"
"从小爷爷非常疼爱我，从爷爷死了之后总梦见爷爷，前几次梦见爷爷都不说话，这次梦见爷爷和老房子，我们在院子中聊天非常开心，聊完之后又去别人家串门，爷爷笑的也非常开心，就像爷爷没离开过我们似的，爷爷是得病死的，我想知道梦见这些预示的是什么么。爷爷的外孙女也梦见过，但都不知道是什么内容了，近期我也出门工作，这样有没有联系。","02"
"梦见在自己家中， 有很多鱼， 有娃娃鱼之类的，铺满一地，进卧室拿东西时候被一条长着3只眼睛的蛇咬伤食指。所幸当时不知道哪里有疫苗，打上就好了。 求解、","06"
"我梦见我家房子四周堆满了木柴，本来是有几个人跟我说好只要几截木柴，我答应了，谁知道他们基本上全都给拿光了，其中看见我二叔用背篼背了好多往自己家里走，我走上去拦住他说这柴又不是你家的，然后叫他把柴还给我，于是他就黑着一张脸把柴留下了。（我二叔在现实生活中和我家是仇人）","01"
"梦到爸爸娶了一个阿姨，我就和爸爸闹别扭，还收拾东西要离开家。边收拾东西，边想念妈妈，于是，就哭醒了。而实际情况是爸妈感情很好，不存在娶新人这个情况。","04"
"梦见女同事故意露奶、然后朝我一笑、接着跑进卧室去了！然后又来了个他的朋友！他这朋友露着胸罩也跑进卧室去，不一会儿2人一起出来！","05"
"梦见自己在一片绿色麦田中走来走去寻找野菜，偶尔能看见一两颗野菜，麦田中还有施有肥，在寻找野菜过程中怕踩到肥料，用手把肥料拨到一边","02"
"昨晚梦到把宝宝放在一个玻璃缸里玩，玻璃很高，有一米五六，她快一岁，刚开始她在水底玩的很开心，后来她慢慢爬到上面快要露出头的时候吐了一口血，上面水都红了，我快速把她抱出放脚上拍打背部让她吐出嘴里的，怕呛到她后来就吓醒了","05"
"梦见挖掘机在挖土，出来后是五颜六色的珍珠玉石，我就捡了好多，准备送朋友一个，怎么也找不出个好看的，后来一着急就醒了","03"
"梦见中考后一看卷子时没考上，在仔细看时考上了很激动，就出去玩，回来的时候没车了，可去车站前看的时候，还能听见车鸣的声音，可就是不知道为什么，我们就是做不上车，回不来","01"
"不知道刚开始发生了什么事情，警察要抓我，在实在没有办法的情况下，我连开两枪，打中一名女警察的后脖子，刚开始以为女警察已死，但实际上没有死，我跑回家，正准备和家人一起吃饭，警车开到我家门口，我直接跟警察说，我跟你们去，我内心一直都在后悔，其实我本意并不想杀她，被抓后我又看见那位女警察还活着，我很高兴，看到她后脖子上的两个弹痕，我吻了一下那两","04"
"先是梦见一场车祸，死了两个人，肠子都出来了很血腥，接着我走过去出现一条小路，前面一大一小两只金黄色的老胡在嬉戏从我身边跑过，感觉那两只老虎像在发光一样","04"
"梦到不知是降落伞还是热气球带着我在天空中飞。我努力寻找降落的机会，可是却飞到了深不见底的地方。我就一直在天空总飞","02"
"那天晚上，我梦见，我晚上拨打了12个0，之后，里面一个女人的声音传来，说：“你将进入冥界。”电脑瞬间显示用血迹写的冥界两字，一个穿着白色衣服的女人，慢慢从电脑里爬了出来，爬向我，我瞬间晕倒了，梦就醒了。","04"
"梦见很多黄色的大蟒蛇盘绕在大山上，山脚水面上也盘绕着山脚下，还有一条在水里游，此时的山显得格外的小，蟒蛇显得特别的大。但没有咬我，我就只是一直在跑！！","03"
"昨晚梦到过世好几年的爷爷和在世的奶奶相继死去，身体涂了层什么的样子…最后变成黑乎乎的一团。还梦见爷爷给我留了个金佛，但是我没有回去拿…！！请问是吉是凶","02"
"梦见和男友在湖边走的时候看见湖边躺着一排尸体，都穿着衣服。身上还有泥吧，我首先看见的是个男尸，还有人在湖里捞，突然男友说了句：“我妈”然后我就醒了、。","05"
"做梦替别人上坟，上坟路上遇到已故的同事，他还要我还他铁锨。我在别人的掩护下躲过去了，然后继续上坟，看到很多坟，就是找不到我要上的坟，无奈打电话，后来爱人来了帮助找到了。","02"
"周围环境有点陌生，但有个男的掌控了一个会放电的机器，而且随着机器的开动，我所坐的位置慢慢上升，上升得不是很高后停住了。身边还有另外两个人不认识，与我并排坐，之后，没有任何闪电迹象，就开始觉得两胳膊被电击了，还不止一次，我问同坐的两人有没有感觉，她们都说没有，那男的解释说，这说明我感冒了!还多次进行‘治疗’后来，停止后，我发现我的手指变形弯曲","06"
"梦见自己在一个有山有水的河滩中遇到一只狼妖，然后我就一直追着它用石头砸，被我在小水潭中用石头把它的脑袋给砸下来了，它死了，好像它穿着黄衣服","04"
"梦里有弟弟在用牛耕地，我在用锄头挖泥土盖上玉米，妈妈在一边放玉米种子，又说我伯伯家有人要结婚了，叫我们去帮忙。","03"
"昨晚梦到丈夫回来,我一开门看到丈夫变得很矮,再往下看才知道是他的一双腿从膝盖下5cm处被截掉,但是还有双脚,梦里好像是双腿受伤看不好了,所以截掉了.","06"
"周公解梦 昨晚上做梦见吃饭  只吃鸡肉和鸡爪子别人给我夹一块鸡肉吃 后来儿子把鸡爪子扔了我又捡鸡爪子 请问此梦是什么意思","03"
"昨晚朋友梦到我在办公室里被狐狸咬伤，流了好多血，然后垃圾桶里全是钱，他就去捡钱，后来狐狸又出现了，狐狸会说话，说自己饿了，我俩就喂他面条，然后狐狸吃饱了就走了。这是什么意思？","06"
"梦见自己在老家小时候常玩的一条河沟内，忽然看见天上飞过一群明亮的物体疾驶而过，自己心里一惊，接着看见天上出现了异样的云彩，自己马上想到了地震云，要地震了，自己在外面，家里人还在楼上呢，赶紧打电话告诉他们，电话打不通，接着就看见地上出现采光，是地光，自己梦里就是这么理解的，接着地震就来了，我自己快速爬上沟沿平地，怎么全盖成楼了，看样子地震强度不大，没震坏楼，自己心里就踏实了，也就行了，做的这个梦莫名其妙，特向道长请教玄机，请赐教。","02"
"昨天去外婆家玩，晚上就在外婆的房间过夜，房间阴暗，而且 房间以前是去世外公的房间，在2.30分我梦见有东西押着我身体，然后感觉到那东西的手不是年轻人的，它押着我对我身体进行那个，当时我都感觉前面疼，它摸哪里哪里就感觉到，我吓惨了，全身被它搞得没力气，在最后他还拖着我往门外出去，我挣扎着就突然清醒了，差点就被拖出去，醒了后不久我姐跟我睡一起也惊醒了，说梦见我被一东西压身，然后把我拖到门口的时候我姐清醒了。后来我弟弟来陪我们，到了六点我弟弟也梦见有人要抱他走，他就醒了。谁知道我姐姐和我做的梦联系起来预示什么，怎么破解，怎么保平安","02"
"我梦到我以前的一个朋友在我喜欢的人面前说我坏话，然后我喜欢的人就质问我。说我怎么是这样的人。但是后来那些东西都是捏造的 根本没的事 可是这个梦醒了我怎么也睡不着 不知道这个梦预示着什么","02"
"老爸突然的离开了我们，没有留下一句话，一个月里，我几乎是夜夜等着老爸来找我，给我说句话，一共梦见两次，一次是他在睡觉，闭着眼睛，最终一句话也没有， 第二次，是家人给我讲述老爸过世的的全过程，在梦里像亲眼看到的似的又过了一遍，老爸还是闭着眼情，没有讲一句话，这一个月过去了，第三次，梦中的自己还是十六七岁，雨后地下的水成了河，冲得到处都是沟，老爸却在买自行车，因为我和老弟上学都在骑自行车，但是很破旧了，老爸买了个粉色的女士的自行车，又要再买两个同样的，我劝老爸说我不需要，等这个自行车不能骑了再说，老爸不同意，还是又买了两个，老爸的这个行为挺反常的我感觉，在心里别扭了好几天，这是老爸过世后第一次和我在梦里说话，就是在雨后不停的买自行车，因为我都八年几乎没有碰过自行车了，梦中怎么会买自行车呢？我不知道老爸到底想要什么？谁能告诉我？急求，因为我十分的想念老爸，想通过什么方式让我知道她的女儿很想他，想让他在那边过的好。。。","02"
"在去朋友家里的路上，已经十年没有去了，住处有点变化了，我就边走边问边找。一路上遇到有十来个疯子，傻子，每人手里都还拿着一把镰刀，嘴里不停的唠叨。把我吓得直哆嗦，但最终我还是找到朋友家里了。","02"
"我是男的，平时也很少做梦，可最近老是在做梦，都是梦到之前的女朋友，几乎是每天一个，很是奇怪，最奇怪的就是昨天了，梦到我拿起笔就吞，我就被吓醒了~是不是有什么不好的征兆啊？","01"
"之前我做过一个梦,.在大山上 好多人一起往山上走 有的人扔那种古代白色的纸钱 在山上有个棺材 是吊棺 四个铁链子吊到空中的那种 后来一帮人就下山了 不知道是什么意思","04"
"之前,.我梦见自己变成一条鱼 在水里游啊游 前面有个大山 游不过去 后来发现有个小洞可以游过去 我就游过去了 然后我就变成个人 跳到岸上 在我旁边还有个女人","05"
"作业梦见接待公司客户，车队到，头车起火，组织救火，火灭·最后带着棉布手套去洗手，用上洗手液感觉手套上滑滑的，和油一样的感觉，然后手套沾水着火·越沾水越着的厉害，最后摘下手套看到双手已经被烧糊了而且上面还有手套被烧糊了的布料粘在手上。请李道长帮忙解梦","01"
"先是梦到和男朋友聊天，不知怎么的他来我家了，和我聊天的成一女的，说是他女朋友，我怒了！然后我们准备睡觉，关门的时候先是老爸起来了问怎么才睡觉，我说什么不记得了，把老爸打发走了，怎么突然那个人就来了问我喝稀饭吗，因为我老妈和她儿媳妇一起上班，就问她是不是下班了，她说没有，然后我就说不喝，她就走了，我到房间刚准备睡觉就就醒了！求结！","02"
"先是梦见大莽白蛇还发出声音，我看见了就跑，跑到哪好像都有其它的蛇，跑着跑着，看到好几头狗叫它门帮忙，过后跑到上面怎么看到一个男人跟三个女人使命的做爱，好像发疯似的做，然后看他难受的感觉，后来在拔地瓜，拔出来都是不能吃的要么就小小，一晚上的梦乱七八糟的","05"
"昨晚梦见和去世的奶奶捉了好多螃蟹龙虾还有几个乌龟，可是在回去的路上又跑了好多，后来我和奶奶就回去把螃蟹和龙虾做菜了，但是还没吃","02"
"梦到自己和家人都在旧家，然后大姑给我打电话让我去救她，然后我就收拾   还和我爸要车钱，然后就梦到和奶奶在一座立交桥上，桥下是水，水里不断飘着一两岁孩子的尸体，尸体都被泡的水肿了，很恐怖，而且尸体不完整，有梦到有很多围观的人，我的家人也都来了，警察在水里打捞，警察就叫我们，然后再岩石下看见我大姑，旁边有个女孩的尸体   我大姑闭着眼睛很恐怖，这是怎","05"
"刚收梦见我在下面捉龙虾螃蟹，还捉到了几只乌龟我奶奶就在上面看帮我的忙，后来捉了很多就回去了，回去的路上因为东西很重所以我就不让奶奶背我来背，后来到家后我和奶奶就回家把螃蟹和龙虾做成菜了，后来我伯伯和我伯伯来了，我奶奶在世的时候经常来看奶奶的，","02"
"大概就是：我去一个地方玩，(我也不知道是哪)坐在客厅里就听见他们在聊什么那有好多鬼别去了，然后我就很害怕，跑去阳台上看，真的有好多鬼(那时候只看见僵尸)然后我就跑到最顶楼，好像是个厨房，我把两道门都锁住，然后女主人就上来，说我不要害怕，然后就在那切菜。再然后我身边就围了好多小鬼但他们都是跟我玩，我不害怕就去客厅了，然后进来几个穿制服鬼的会(有穿黄","01"
"梦见头上戴了很多黄颜色的花，是一支一支的插在头发上。然后自己觉得不好看，把花都拿下来了，都没有折断。","02"
"梦见自己拉了大便，有臭味，一个长得很恶心的男人过去吃。吃完了还来追我，我就一边提裤子一边跑。然后我的女上司带了一堆人出来救了我，把那个男人给捉住了。","03"
"3月26日上班在单位中午午休时梦见2只老鼠爬在墙上向上怕爬，一只黑色的、一只白色的，结果那只白色的老鼠从墙上掉下来了，我就醒来了。","04"
"梦到自己的乳房烂掉了  流出绿色的汁水  要拿这个汁水去化验看看是否有乳腺癌  还有梦到自己搬到了一间新的宿舍   但是那个宿舍死过人","02"
"晚上梦到逝去的母亲口中吐出许多鱼刺,最后吐出一个囫囵的大丸子.","02"
"我爸接了个电话，是我二姨夫大的，说他没死。接着我就逃了！路上我见到了一些人在谈论什么，我还捡了些东西吃{不记得是什么东西了，也没看清那些人的脸}后来我就在医院了！我看见我二姨再求医生救救我二姨夫。医生说他如果5天后不醒就死了，就的去掉医疗设备！我二姨掀起她的衣服说：她在床躺了5年不是活过来了，就算5天到了，他也不让取了他的设备！{没看见我二姨衣服的颜色}后来我们就在医院走廊上了！有我我妈我2个姨我哥还有个小女孩就是没有我二姨家的俩孩还有我大义家的女孩，我妹{没见到我大姨夫，只知道他安全，我变成了光头}","02"
"我梦到自己在检查身体时发现有孕，因已生有两男孩，犹豫要不要流掉，回去后感觉下体流一点点血，要上厕所，发现厕所很简陋，像农村的茅坑，我蹲进去，踩不中，一脚掉了下去，把脚提上时发现脚尖沾了好多屎，很脏，我想办法挪了挪位置，对着墙角拉小便，小便射湿了左腿裤脚，我在小便时，发出很大的声音，像流水一样往下流，很畅快，尿的时间很长，然后出来骑上自行车，看见以前一个要好的同事在打羽毛球，我装作没看见他路过，但过后我又倒回去，还是没跟他打招呼，迎面又来一班以前的同事，我也没跟他们打招呼，然后醒了，对脚沾屎，射湿裤记得犹为深刻，请问是什么意思呢？望解释！谢谢为盼！","02"
"我生小孩的时候痛的我睡着了，然后我就梦见白发白胡子手里拿着佛尘对我说了三件事叫我不要跟别人说，可是我老公他说，他不是别人于是我就说，从此以后我一个字也想不起来了，我老公他也没当回事，我现在该怎么，也不知道什么意思，有劳道长您了。","04"
"昨天梦到在路上抱起一个被人遗弃的男婴，他满身是屎，他压得我的肩膀都累死了，抱了一段路后他长大会走路，走了一下他跑去给个保安发烟，是很好的烟，可就是不给我，然后跑了我追不上，喊了一声“大老板等我一下”路边有个女的听到我喊也跑去追那个男孩，我的肩膀太酸，一下就醒了","06"
" 昨天姐打电话和我说：梦见姐姐和我在一起，然后后面有个穿着红色衣服，蒙着面的男人追我们两个，姐跑不动了，我背着姐，后来那男人越来越近，我把姐丢下就自己跑了，姐很害怕，结果那男人越过姐，直奔我而去！结果姐就吓醒了 请问这个梦预示着什么呢？帮忙解下 谢谢","01"
" 我昨晚先是梦见几个人在我家隔壁的河里捡螺蛳捉鱼，然后我就过去看了。我坐在岸边看他们捉，然后我自己拿了个篮子也下去捉了，有逃掉的也有捉起来的，但是鱼不大，是一般的鲫鱼。还在岸边捡到了已经没有尾巴的死鱼，但我没要，后来鱼塘的主人来了，我就回家了。","05"
"昨晚梦到自己种的常青藤枯萎了，自己交了水后又慢慢繁荣了。求大师解惑","02"
"梦见在浴缸里洗澡，老公在浴缸外枕着浴缸壁睡觉，洗完后拉屎在浴缸里，然后怎么也清理不出去，弄得满手都是，还洗不掉","02"
"前几天梦见收获了一大车的红柿子，下在运回家呢。昨天又梦见采摘熟透的苹果、梨。这预示着什么啊？","01"
"在梦里脚踩泥土怎么用力都拔不出来，抬头眼前高山阶梯层层叠叠很高很高","03"
"我是女人，梦到自己被几只狗扑咬，就在这时，一只突然出现一只大黑猫，那只黑猫把狗都赶跑了，这个梦大概就这样，请问这样的梦对于我的感情或者生活预示着什么！谢谢回答！","06"
"我梦见我要带我的游客和亲戚一起做飞机去参加我姐姐的婚礼，亲戚还没上飞机，飞机上只有游客，我象往常一样坐到飞机门口，飞机门没关，哪知机长就起飞了，后来我对机长说能不能开回去因为人还没上全，他就调头，就这样一甩就把我甩出飞机门，我两手死死抓住了门把手，游客和亲戚都着急让我抓住了，最后我终于没力气了，就倒立着被摔了下来，好象掉地上后没事，还说自","02"
"孕妇梦到树上结满了圆形和心形的青杏，我最开始摘了一个心形的青杏，还有几个圆形的青杏，后来我把圆形的青杏送给了别人，别人又给了我一个心形的青杏，后来我用糖把青杏弄碎蘸着吃了","02"
"梦见爷爷家门前的树上有很多草莓就回爷爷家问姐姐吃不吃，她说吃，然后我就把梯子和袋子去给姐姐摘草莓，结果架好梯子后就变成捉黑色的小鸟了！还捉了挺多，快装不下了就先回家放下，结果我爸一副臭脸说打开看看是不是乌鸦，我就打开扔地上了，我爸看了看就把我骂了，说是乌鸦，我就委屈，没人告诉我是乌鸦啊，然后就醒了。","02"
"跟朋友在学校的一条东西马路上走，路边有两条很粗的蟒蛇，应该是一公一母，当时还有很多人在看，我拿出手机拍照，忽然那两条蛇来追赶我朋友，我们就一块跑，不一会儿，又追着我，马上要追上了，这个时候醒了。。。后来又梦到我在海面上跟一条头部像蛇，但身上有鳍（潜意识里是蟒蛇）的东西打斗，好像是打赢了，然后就醒了","01"
"我梦到我的鞋子丢了只穿了一双袜子脚好痛我要去买药但要经过一座桥那座桥是人家用来比赛的而且有点危险有好多人还有我一个朋友我不敢过就站在一旁，然后就飞来一只鸟拉了屎刚好掉在我头上和嘴唇上","04"
"梦见自己穿平时穿的衣服，穿在身上却破了个洞，自己却觉得没什么，而脚上穿着一双新的蓝色鞋子，在梦里对新鞋子比较满意，而且自己当时是属于穿一身蓝，衣服是蓝色的，裤子和鞋子都是蓝色的","02"
"昨晚上梦到自己想如果天上掉钱多好啊，想着想着就掉了，想着是多少就掉多少，还专门掉我手里。而且钱是假的，代表什么啊？求解","03"
"梦见我外公那边的人在为自己办丧事，而且好像还无意中拿事找我麻烦，然后说这件事又不是我做的，是另外的人，而另外的人家的狗把我咬了，而且那个人还喊人把他的棺材抬在马路上游荡，但是他本人不在，还有人在吹喇叭之类的，挺吓人的，因为做梦是怀孕了我，本身我怀孕了，外公非要去那个人办丧事的地方，就是在马路对面，也就是我外公们家以前老房子的对面，我还叫外","06"
"梦见自己伯父死了，揭开棺材盖后，发现里面有四个死人，伯父、一个女的、两个小孩，吃了一惊。少顷，只见四个死人慢慢地有了呼吸，突然从棺材里跳了出来，其中一个女的还追着我来，还说她叫哈文，是我老同学刘光勇的妻子，哭着说刘光勇得病死了，我也跟着哭！大惊！后来就醒来了，是凌晨5：35分。","04"
"梦见很好的异性朋友，梦里知道他肚子那段生的是不好的病，然后他开车去剪头，是晚上，但是人很多，要等，有座轮椅的有健康的人，我们相拥，我就抱着他哭，天不冷了，但是还下了一阵雪，走的时候看到几个人在清理雪，还梦到他一直在等我去他那，梦到他头戴玩具头套，是葫芦娃，我们同行的还有几个人，但不记得是谁","04"
"梦见发大水，就往家跑，跑到大门前，就看见大门丢了，当时想丢就丢了吧再买个大门吧，邻居说小偷真能啊，就这些了希望能帮我解一下，","05"
"梦见跟室友一起出去住，晚上在一个小旅店里，一直没开灯，早上起来开灯看见屋里有一个特别诡异的衣柜。室友说走吧，我们就出去了，外面天蒙蒙亮，她去找她男朋友了，剩下我自己。这时候碰见了令一个室友，然后我俩一起往寝室走，道上面是铁轨，就是火车轨道，我俩走下面的一个小胡同里，胡同里都是被肢解的婴儿的尸体，然后对面过来一对母子，看见他俩过去我们才敢走，胡同里还有烧焦了的尸体，血淋淋的尸体，都是婴儿的。","04"
"我已怀孕，昨天梦见和奶奶睡觉一起，奶奶好想很想我，抱着我睡了一会儿，接着，我们家进来小偷了，我冲到阳台上大喊，可喊了好长时间才喊出来。我记得的我们家好像住7楼，小偷冲到楼下就跑了。","04"
"大师您好!今天下午睡着了做一梦,梦着我们全家（父母与哥哥和我）住进了新盖的独幢别墅里面，大风吹的很厉害，我和哥哥费了很大劲才关上院子大门，大门是木制的．求大师一解梦境！","02"
"梦见在我身后有一堆干树叶，树叶的堆里有好多小蛇忽隐忽现的，黑灰色的，只听到莎莎想，还有好多蚂蚁也是地上爬走，吓得我要命","02"
"做梦梦见了自己家盖成了非常气派的大房子，很长很长的大房子，是平房。别人家看了都说好，自己家盖的房子但主人没进去看，在外面看着，听人们说自己家的房子盖得多么好。","03"
"梦到在办公室里见到送包裹的工作人员，他进来的时候还掉了些用塑料做成花朵形状的东西，黄颜色的，恨多，梦里捡起来了，送来的包裹里面是鲜花，开得蛮好，有几种品种，记不清了，打开以后还插在了瓶子了，梦里说鲜花本来是什么节日准备送给母亲的礼物，送花的人却错过了时间，还送错了地址，梦里好像还纠结到底是不是自己写错了地址。求大师帮帮我...","02"
"我昨天晚上做梦 梦见在国外外面刮特别大的台风 把附近的高层全部豆刮倒了 遍地都是死人的人头 小汽车都罗在一起了","02"
"怀孕的时候老是做这样的梦路上很多1硬币 都是陷进地里的 走一步就捡一个 捡也捡不完的硬币 现在又开始做同样的梦了 都做过7、8次了","03"
"梦到许多旧鞋子 据说20双 在床底下 都没坏 质量很好 就是有点土 我想送给别人 过了一会又梦到妈妈乳房被烫伤 肿得很大","06"
"昨天网上梦到死去的爷爷来找我说姑父生病了，看病没有钱然后我准备拿钱给他，我问需要多少钱，爷爷说要五千，但是我很清楚的记得梦里的我钱包里只有两三百块，之后就不记得了。","02"
"梦见坐着别人的车去算命结果走到了一个很高的桥坡，非常坚难的上去了结果上去的时候是紧贴着墙面上去的，到了地方不知道谁给了我一件绿色的貂皮大衣，穿着衣服回家了，问妈妈家里是不是来了一个小男孩子，妈妈说小男孩子的妈妈来了看到我爸爸在和别人吵吵，所以不感把孩子送来了，我说不能，那个小孩子很喜欢我的，结果我又看到男同事也是我以前的男朋友拿出了一张存折在算里面的钱。","02"
"昨晚又做了一个梦，梦见我男朋友在我家睡，可我爸爸不知道，早上起来时发现我两睡在一块儿，很生气！我男朋友看到我爸爸很殷切的对我爸爸打招呼，后来我妈妈和我外婆也来了，她俩就把我叫到阳台上我妈妈说“你跟他发生关系了”？我外婆又说我还以为你很听话的，没想到你也这样，你太让我伤心了，我当时哑口无言，心里觉得很对不起她们！后来就醒了，这是怎么回事？","02"
"梦见手很痛，然后就梦见自己在挑扎在手心里的刺，拔出来，结果是一根很长的鱼刺，还有倒刺，然后又觉得手掌疼，又拔除一块很大的像鱼主骨的刺，上面也有倒刺，没有流什么血，但是肉有点被拉出来，好像螃蟹肉那样一丝一丝的，透明的白白的肉。那种痛的感觉很真实。","06"
"梦到一群蜘蛛和一群蝎子打架，特别的整齐！而且，蜘蛛和蝎子都个有一个大的，都是用他们的脚打","02"
"晚上做了个梦 一开始我梦见自己没吃早餐 有个女的（以前做兼职的同事，关系一般）给我送了一笼包子，我问她哪里买的 吃了之后 自己也去买，当我找到地方进去 一个女老板接待我 我问多少钱一笼包子 她说58一笼，我觉得很贵，但好面子就说来两笼，其实自己只有100块 ，说完我就出门了 场景切换到另一个人 在锅里打鸡蛋煎鸡蛋 然后 吃，后来这人长了三只眼睛, 场景又切换， 回到包子店 老板找我付钱 我说好，结果我身上的一根毛撤下来 变成一个小钻石，给了她，梦醒...","02"
"我梦到自己在以前读书学校的后门.遇到一个僵尸 然后他不知道突然死了 我就吓得一直跑 然后呢我摔倒了 捡到一把钱 很大张的钱 都是100的 还有的钱不一样.不是一半面积的值钱大小 很大 比一般的100纸大一倍 还有的不是钱是兑换卷.后来我碰到一些小孩 我就装成僵尸吓他们.他们就跑 我也走了 不过后头一看 一个拿着铁瓢子的男人追过来打我 我说我不是僵尸 是吓他们的. 我就醒了","03"
" 我经常会梦见急着上厕所，但厕所很脏，或是坑很大，无法站上去，有时是梦到男女混用厕所，这是为什么呢？","02"
"请大师指点一二：我的爱人他今年是本命年，前不久遇车祸永远离我而去，那天梦到花瓶样的铜器上的龙我首先想到的就是他，可是在网上查了很多周公解梦都查不出来，大师觉得和他有关吗？很想知道答案啊。","05"
" 大师 你好 我昨天梦到被蛇 钻入下体 我就把它拉出来 拉出来后它已经死了 接着又梦到被蚂蝗咬到流了好多血 醒来后我很怕很怕 因为那个梦很真 请你帮帮我解这梦到底意味着什么 因为我很怕 谢谢你 大师","06"
"梦见几个人去抓鬼 然后在手机照片里看到女鬼 后来姐姐溜上天台发现女鬼站在天台边缘 最后我和妈妈遇见爸爸 他给了我们一个书包 里面是姐姐被肢解后的尸体 爸爸很凶很奸地让我们煮来吃","04"
"做了个梦，太累了 梦见了死去的三爷爷，好像是抱着他的遗体，但是又不是很大，包裹都有点温湿，好像答应过姑姑什么事，也许是埋葬三爷爷吧，姑姑打了电话催我，我非常非常的着急抱着爷爷的遗体，说请原谅啊，我马上就去办完（埋葬）无缘无故 太累 请大师帮忙","04"
"梦见自来水表坏了，还往外喷水（不是很大）， 还一个是我在公共汽车站等车，等半天也不来，就有个女的开始扔钱，完了我就捡了，她仍了好几次，（100 50 10块的都有）我也捡了好几次。这俩梦我也不知道是先做的哪个了。反正是一个晚上做的。","03"
"晚上睡觉是在梦里梦见被许多人围住打和刀砍，我跑啊跑，拼命挣扎。忽然看到自己的左手被看出了血，而且还能清晰的看到被砍处手里面的肉和经脉。突然就被吓醒了。麻烦，大师帮忙解一下，谢谢！","04"
"梦见在 断了水的河里，在一个似塘的边有个口，用小鱼网【俗名抄捞子】捞了很多大鱼。这期间来了个看鱼的人，正和他谈判  ，就醒了。","05"
"我经常梦到旷野，河川，街巷，泥泞，好像轻功，漂浮着行走。就像毫无任何障碍的行走。异常的快乐！！并且，我经常梦到我进入中考考场时候，还不知道考没考上！没有信心。我已成年，46岁了。请快点回复。谢谢。","01"
"梦到游玩，看到井里漂着一块石头，上面有字，特别喜欢，就拿走了。后来来了国家什么机构的，说我的石头如果是真的，值几十万，拿走我石头鉴定，后来告诉我说是假的，我就要回我的石头，他们就给我了一个石头，我一看就不是原来的那个。气醒了。","01"
"梦见桃园里的桃树结满了桃子可是有几棵桃树都被别人摘光了，好多桃子还没成熟都被放在地上，然后我老公骑着摩托车带着他出轨的对象心里好生气","02"
"梦见一条约五米长，呈现浅白色的双头蛇附在本身上，从左肩后向前，拿在手中，蛇回头看，心中有点点怕，蛇没伤人。梦惊醒。（记忆清晰）","04"
"梦见自己在我儿时的乡下田看见了泥鳅洞穴，然后我就去找了个锄头划开洞穴抓到了那个大泥鳅，但是我把它弄伤了，还流血，然后把它放生了，看着它游走了…","03"
"本人于3月30日下午做了一梦,梦境中我们全家(父母与哥及我)住进了新建的独幢别墅里面,大风往院子里的吹很大,我和哥哥费了很大劲才关上院子大门.大门是木制的.求大师一解梦境.","02"
"脱衣服想洗澡，推门却看见从地底下喷水，水很大，，我害怕，就赶紧关门，本来想是卫生间却又好像是锅炉房，心惶恐，不一会就醒了","05"
"我梦见江豚，在河里玩，它好像我在说它饿了，我然后我去给就给它买鱼去了，买鱼回来的时候，我看见有很多人在那斗它，我就生气然后我就把那些人都赶走了，我就还抱了它，它也抱我，梦里面，我很开心，它也很开心，怎么回事？","01"
"梦见我们教室有很多蛇   然后我就把蛇放在我的抽屉里    然后我就看到地下有条断了尾巴的蛇   等我低下头   就看到抽屉里的蛇在吃另外一条蛇   是从头开始吃的   我就吓得又哭又叫   然后我又梦到我醒过来   床上有很多蛇在爬    后来又梦到有只蝎子在床上   但是那只蝎子被我打掉在床下了","04"
"梦到和别人一起去吃饭，结果闹了点口角，我竟就一气之下回寝室睡觉了，后来被折回来喊我还去吃饭的朋友叫醒了，我就打算去的，结果头上不舒服，一挠就大鱼鳞大小且很硬的白片从头上掉下来，越挠越多，还掉下个白色蜂窝样的东西，头上也能看出有蜂窝形状，又看到从枕边从出一白蛾子。太恶心了就醒了。","04"
"我现在在外地、梦到自己在家中妈妈的房间的地上挠脚后跟、突然挠出个小口看到里面大面积腐烂、有黑色虫、然后就拿起脚、抖出好多虫、有小有大、后面叫我的父亲来给他看的途中就醒拉、父亲也是在家里的、还答应拉。大师求解谢谢。","06"
"梦见自己在山坡上走 注我家是平原没有山 旁边有好多鱼塘我要到主人那叫他赔我鱼 走到一半就被两条一样的黑蛇一起咬住脚脖很痛没有流血 这时来一个男人把它们打死救了我还教我赶蛇","06"
"好像是要打别人结果打到了我  一枪子弹还没出去…从左腹部进…后腰摸可以摸到…没吐血没流血也一直没人救我…","06"
"梦见火烧凳子，可以帮我解析下吗？谢谢！最近工作比较忙，昨晚睡得也比较迟。。。。。。。。。。。。。。。。。。。。。。。。。。。。。。。。。。。","02"
"村庄的路边，田埂上种满了梨树，梨树上结满了硕大的梨子。黄色的多，白色的少。我摘了一筐的白梨，咬一口，非常甜，顺嘴流着梨汁。","04"
"很多火球带触角从天上慢慢的到半空然后到面前、俄在梦里以为是末日来了。完全不相信这是真的。  确实就是奇观。像灾难。","02"
"我和一个网友都相互喜欢，但从未见面过。我梦到被他打，并抓住头发扔床上，当着别人的面强暴了我，还和别的女人做给我看。我哭着醒来了。请问大师是什么含义？","05"
"我梦见我女朋友带我去她家！是第一次去她家！我女朋友突然不知道哪去了！就剩我一个在屋里，一会她妈妈和我说话，我比较害怕！我知道她妈妈以死去了？叫我一定要对她好！不要欺负她！我说好的！可是不知道，她一下子和她妈妈在一起了说话！她们说了一会话！她妈妈就要打我！我就被我吓醒了！流了一身汗！","02"
"有人把陌生人放在火里烤，时间太长我制止，并把对方手给烤了!但手没伤且脱身了，又看到烤两小孩，我示意不让烤!","02"
"梦到我有一天去妓院 我老婆在里面做鸡 我还选了老婆 我老婆在现实中不抽烟 可是梦里还在抽烟 在做事时我老婆变成了另外一个人 之后记不太清了 我就醒了","05"
"梦到自己中了体彩七星彩的头奖，体彩老板也确认了，因为他那里兑不了，必须去体彩中心大奖，但是自己好像不是很着急去兑奖。","03"
"梦见在公共浴池洗澡后，出来找放衣服的柜子，有人提醒说我的柜子很好找，找到柜子发现没有锁，里面衣服都在，兜里的钱包不见了，手机在。","01"
"房屋突然倒了，人被压在下面，但是一会就自己爬出来了，一点事情都没有，自己没事。不知道怎么回事，感觉好像还被压这两个人，都不认识的，但是我把他们都救出来了","03"
"与哥哥姐姐坐游轮出海玩遇见鲸鱼要杀我们只要下水就会死还出现了另一艘游轮最后和一个姐姐选择另一艘游轮避难其他人笑我们她们在之前的游轮避难男朋友中途不见了最后到一个岸上我见到有救援人员我大声叫救命姐姐则在最后一刻被海浪卷走只有我幸存","05"
"梦见在游戏厅一个女服务员喜欢我，跟我一起去开房间对我很好，还买了很多东西送我…最后我们做爱时她下面流血了，她说她是处女！","05"
"梦到小姨和表妹在我家门口说话，因为小姨跟妈妈闹了别扭所以她站在我家门口不愿进去，我男朋友劝表妹进屋她也不肯。妈妈在屋里表情很沉重，好像姨妈也在我家，妈妈突然告诉我舅妈和表弟一起得了皮肤绝症，说打电话过来叫我去带表弟，以为平时我比较喜欢他，大家听到这个消息全都哭得很伤心，我也在大哭，后来就吓醒了，流了好多汗","04"
"梦见两只小白虎本来都要来咬我我和一个同伴躲到一个有铁栏子的空地里然后我想杀死了两只结果一只没有杀死一只死了回来好像来了一个非常厉害的东西好想是狐狸连那个老虎都怕我和同伴就和老虎联合一起逃回了家家里还有人欢迎我们说那个小白虎好可爱","04"
"梦见自己生病了需要打点滴，可是给我打点滴的医生去世了，但是还发短信给我，接着好像还梦见了一个人去世，最后梦见妈妈去世，接着我就哭醒了。","04"
"梦见自己在一个很旧的厕所用铁钳打死一条蓝色的蛇，那条蛇爬的非常快，把它打成几节后还是在动，我最后把它头打烂了","04"
"梦境很乱，我和我女朋友忽然看见一片竹林向阳的那一面开满粉色的花，阴的那面花开的很小，不怎么鲜艳，不知道寓意着什么？","02"
"梦见在一小块地里摘青辣椒，摘了一小篮后，见辣椒下地里有大蛇，蛇昂起头咬了我，但没觉的被咬伤。梦见在一小块地里摘青辣椒，摘了一小篮后，见辣椒下地里有大蛇，蛇昂起头咬了我，但没觉的被咬伤。","06"
"梦见回到之前的老房子住了，是租的房子 生活过几年，还是很熟悉的感觉 但总还是想回到现在住的家，很奇怪！！而且梦里有大风在吹房子","02"
"（梦见洗脚的时候，用手搓脚的时候脚盘里面突然有条银色小蛇连续咬到自己无名指，然后突然浮在脚盘一会，我找医生给我打了一大罐子血进去，回头看脚盘的蛇不见了。）","06"
"看见发孝的面粉里有很多黑头发，面已发好、用捌开发现有黑色头发，头发黑，一簇一簇的也很干净，从和的面粉里往出挑选。请解梦i。","05"
"有客人来吃饭，但不记得是谁，粥放在房间里，我不小心洒了些出来，我弟弟用手去弄掉，然后跑到我妈面前取笑，我很生气，就把粥洒他脸上了，他就很用力的一个耳光，我妈就打电话给我爸，让他回来，说我们在吵架，然后我就骂他，然后就醒了。","02"
"梦见一个女人，我和朋友和一个房间，有三条蛇，其中有一条很大带毒的蛇，那女的在我面前把毒蛇的毒牙拔了，然后把蛇放回原处，说别惊着它，因为房间是黑的，我朋友走的时候惊到那条蛇，它跑了过一会马上回来要咬人，那女的就告诉我俩，快跑另一条蛇的窝里，我朋友就跑进去没事，我刚跑还没等进，就被咬醒了，并且貌似醒的时候，还踢被子一下，谢谢啦。在下男青年。","06"
"梦见邻居家在房檐前又接出怎么回事房子，还有地下室房子接出那么多，干活的人挺多，走的不是他家正门，是不经常走的小门，在我家门旁边","03"
"看见一个很大的妖怪来到我的家乡，吃了很多人，我看到很难过，在无法与妖怪决斗的时候我无意中得到两把宝剑，用这两把宝剑战胜了妖怪，妖怪跑了，我到处找，后我把妖怪变成了不在害人的妖。中间还出现把宝剑与针法结合炼的时候总是炼不好。请大师帮我解一下。","04"
"梦到和女朋友一起回家，看见后院有老虎狮子还有一只金钱豹，被那只豹追，然后摔倒了，被咬了两口，后来就没事了","06"
"我夢見大樓失火.因為有一個小女孩大概5~6歲.一個人在廚房開瓦斯假裝煮飯.結果瓦斯氣爆 .整棟大樓都失火.她住在23樓只有她死亡.之後她的家人反回大樓幫她超度.我看見她站在牆邊.","01"
"在一座山体立面下，有面额1和5的金币，我不停的捡，装进衣服务口袋，捡没了，山上就能掉几玫下来。直到捡到梦醒！","03"
"梦到一个水库，不是很大，但是水很深非常深。水很绿，深不见底，好像水库里面是一个悬崖似的，水面有涟漪。水库周围的栏杆是透明玻璃的，水库中间还有一条往湖面中间延伸的桥，栏杆也是玻璃的。自己很害怕，不敢靠近水库，怕掉进去，走桥的时候死命抓着玻璃栏杆不敢看很快又退了回来。那种害怕的感觉醒了还很深刻，这个梦是什么意思？","05"
"梦见有一个大虫子往耳朵里面钻，后来被我发现给掐断了，那个虫子的劲很大，梦的很真实。到现在我的耳朵还不舒服呢！","01"
"我是一个孕妇，还有1个来月生小孩，昨晚梦见好像是在大学上课，我坐第三排，突然一条蛇从墙上的洞钻出来，就开始咬第一排的同学，他们闪开了，然后又咬第二排的同学，也闪开了，最后跑到我这里咬咬我，我就踢它，但是还是被咬了脚趾。蛇是蛇头，扁身后面还有两个脚。大师请帮我解解这个梦，谢谢！","06"
"梦见小孩掉大坑里,下面有很多猛兽,我下去救他,后来他带我一起奔跑,走过了一个古老的建筑,然后跑上山,在山上发现有火烧过,而且还有小火没灭掉,后来一直下山了,见到了一个宽阔的山地","02"
"前天晚上，梦到的就在海里，但感觉两边有堤坝似的，水很大是海的感觉，就我和另一个人在一边不是划船像是开着水上摩托，另一边就是长长的一队白色海豚和我们同个方向的游着，队伍很长，看不到头，叫的声音也很大，虽然很好听，但我很害怕，很怕他们看到我们，怕他们攻击我们，但并没有。好像没有注意到我们似的，我很害怕就拼尽全力的开走了。","05"
"梦见和自己喜欢的人聊天。可是过一会主管过来和她说了几句话就哭。我看到了想过去安慰她，可是她哭着唔着嘴不让我过去，就醒。。这代表着什么？？？       要不发QQ告诉我1004868995","04"
"梦见红色透明的兔子，跳到我身边，我忍不住想摸摸它，可又不敢，因为它是红色透明就象红色QQ糖那样的透明火红，一只红老虎跑来追我，我吓的跑了，看到路边火红的砖又点象金砖，又看到前面飘着几颗特别亮的夜明珠，拿了两颗就跑，突然醒了，不知道这个梦意味着什么意思？请大师相告","01"
"梦见在家里不知道死了的人是谁岁数挺大是个老人，我爸就把放家里的炉子里烧了，没看见烧成灰到是这个意思，后来不知道哪来个远方亲戚是个老头也死我家了！说哪意思是还要在我家炉子里烧，我妈说还在家里烧啊，然后我就醒了。","04"
"首先是梦见天空下火雨，后燃烧了一小块易燃物，奶奶在旁边慌慌张张的看着，后又跑回来急急忙忙的收晒在外面的衣物。我爬到递子上去收两条被子，还没收到被子感觉递子要倒下了，便快速的滑了下来，在我上到递子和滑下来的这期间，天空又放晴了，很闪耀的晴。后又变黑，如墨一般的黑，但西边还是有一处耀眼，似要撕开这黑暗，可还是被黑暗吞没。我滑下递子后转身看到自","05"
"梦见一排排的青花骨灰罐，我梦见健在的父亲竟不在了，痛苦地打开健父亲的罐子上面的盖子，看到了上面有金刚杵和玉","04"
"到了开河放水的时候,我和我一个成绩优异的学生去淌水,水很浅,我们也都很高兴,有车从水中开过,车开过的水很深.","05"
"梦到自己怀孕，还做了人流，并且感觉没做好一样，自己还有点流血，又在下雨，后来涨了好大的水，到最后都感觉到处都水茫茫一片了！","05"
"她从来不理我，做了个梦梦见她躺在我怀里问我是不是真的喜欢她，后来kiss了、、、、、、、、、、、、、、、、、、、、","05"
"梦见在二姨家做客，席间，好像是而已的亲家母把我的眼镜给弄坏了，结果我让她给我重新配一个，她问我多少钱，我故意的多说了钱数，应该是3百多的，我说了有7百多，结果她就死活不给我配眼镜。我就生气的，把正在围桌子吃饭的人的碗一个接一个的往地上摔，但一个都没有碎。这就是大之的梦，请您给看看，谢谢您！","02"
"梦见三只卡通里的狼吃人！我在家里打狼！父母在屋里跟亲戚朋友聊天！我喊救命没人理我！是同学帮忙！打跑狼后，训斥父母不帮助我","01"
"梦见别人肩上挂着红色长带红包，有些像放大版的钱包形状老版红包，上半部分是扁的，好似一合就别上的开口，鲜红鲜红的包。场景好像是模特在展示包包。","01"
"我男朋友梦到我们俩在路上走着，然后路边一人高的直径的水管爆了两个大洞，然后淹的路上都是水，水是干净的，平时吃的那种。大师帮忙解解这是什么意思啊 ？（最近男朋友工作调动，升官了，不知道跟这个梦有没有关系）谢谢大师","05"
"今天早上梦见狗狗 药了我大拇指,未出血,有牙印记,好象破了,,,做梦我还准备到医院打破伤风针剂.","06"
"梦见一条黑色的蛇 起先在岸边趴着，我在河边捕鱼，后来我看没有捕到鱼就回去了，把网一挥，被那条黑蛇察觉了，那黑色就往河里游，而且身子分为一段一段的，一边游一边在颠红色的球，后来发现我正在看它，它就直起身子，朝我这个方向站立，但却是没有头的，于是我就赶快跑了，请问这是什么现象呢？","05"
"做了个奇怪的梦，理不出头绪，请道长指点迷津做梦在一个池内游泳，水很清，自己很想潜到水底，在下面畅游，非常的舒心，游着，水变浅了，就要朋友多放水，他说，水费很贵，就这样游吧，就又潜下水去玩了，忽然到底的时候，下面是一个空的大洞，没水，另一个人告诉我这里有个好东西，一看是条大鱼被困者，解开后怎么就变成了一个公鸡，还高挺着胸脯打鸣，正稀奇呢，又看见一个蒸笼，听见一个人在呻吟，我就掀开锅盖，一看有个人被蒸着呢，我心思谁这么残忍呢，就把那人给放出来了。也就醒了。","05"
"梦很奇怪，自己莫明奇妙被截肢了，右腿从大腿根部，没见血，还装了假肢，老公陪我骑车，结果前面没有路了，碰见一个以前的熟人，混的不怎么样，在一间破屋子里，不知预示什么？请大师指点！","06"
"梦到有人要发葬礼,抬棺的前面是男的,后面是女的,都是我的亲人.可是棺材好重,抬起来没有多久前面有一条抬棺木就断了.突然有人提意说让我坐在刚接起来的断木上,还在上面加了个登子.我坐在上面,手里还拿着两个碗.后来大家抬着棺木很辛苦的慢慢走.可是走到半路,我看到有一排人在背猪,我心里想的是,怎么世上还有人背猪,更奇怪的是,其中有一个人背着一个大黑猪累得前面的猪大便在他脸上都不理了.","02"
"1：我梦见在一个单位的通道里面买上厕所用的东西还付给了人家5圆钱 2：厕所被两个女人打扫过，地上还是有少许小便大便，看见厕所坑里的粪便","02"
"昨天晚上我梦见我的仇人也就是竞争者死了 然后我在上厕所的时候她突然说话 我又没看见她的人 最后旁边有只小老鼠 她附身到小老鼠身上 然后又变成人和我说话 还和我合好了 手还打在我肩膀上 我们关系很好很好 还一起去逛街 最后我的另外一个朋友拿了一套白色刚买的新衣服 拿过来说 你们谁喜欢谁就穿吧 我在梦中好像很喜欢 就我要了 这是什么征兆啊","01"
"昨晚我自己做了很长的梦，刚开始是在上课，讲的地理和日语，老师是我一个男同学（正在读研），我现在刚毕业工作，他提问别人都是读两行日语就行了，到我时候却让我站起来读2万字的教师编制的文章，我大学是师范，不过没做老师现在。然后场景是下雨的路上，雨挺大。我和他撑伞迎面而过，他却没看见我，我和他打招呼。然后又是古代，山涧，一个人把我放到木板独木舟说：一夜到江陵，他们别人都飞过去，让我顺水漂流过去。","05"
"我梦见有人生孩子，但不认识，然后大人孩子都死了，在回家的路上又看到了另一个死人，是个老太太，这让我迷惑不解啊，希望道长能给我破解一下。","04"
"我是男的，早上1点多梦见我在一座山顶上，山上有好多的蛇，满山都是，但都死了，还有一些蛇断成两节，还有一些蛇脱的皮，蛇都很大，有的蛇的长度从山顶到山底。请指教！！","04"
"前天晚上做梦很可怕，梦到水灾所有人都 没事，但是唯一有任务的，唯一不见得就是我老妈，梦见一块无限的地里面是水灾了，但是有好多的球友篮球排球等等，但是都是假的，只有一个是真的，给我妈的任务是把那个真的找到，后来我妈不见了，所有人都胆小不敢去找我妈，而我自己也胆小但是我还是在水灾里找真的球，好像是我能飞的但是飞不高，脚还是在水里。后来又梦到我男朋友好像也是水灾了也挺危险的，具体的我忘了，，，烦请大师给我解释一下，是怎么了？","05"
"昨晚睡的昏昏沉沉的，最开始梦见地球快灭忙了，我就戴着家人赶紧跑，跑着跑着，家人什么没有了，我看见一个大坑，里面有一个大管子白色的，就看见里面有条蟒蛇，我就追着它的尾巴就晃悠死了，不一会吓醒了，我想问问这预示着什么啊？","05"
"前一星期左右梦见爸爸去世，昨天又梦见爷爷去世，生活中他们都很健康，希望求解","04"
" 我是一个女的 上午睡觉的时候梦见自己正骑着车子在路上正被一群蛇追 有大的有小的 而且还被一条小蛇缠住咬住腿了","06"
"梦到自己在做梦居然开了爸爸的车到了妈妈以前的公司门口，结果车子碰到了老虎，老虎来追我，但是没追到，又突然看见桥上面开着火车，我就飞越了过去。。。这有什么意思么？梦里还有这样的梦","02"
"大师：您好！我姥姥去世刚半年，我昨晚上梦到她衣服上都是血，她不停地用纸擦，但总擦不干净。我姥姥生前是一个爱干净穿着很讲究的人。麻烦大师帮忙解答一下，多谢！","04"
"梦里我特意去看看生病的父亲，进门前听到他在咳嗽，我在他躺着床对面的一个床上叫他爸爸，他跟我说话，叫我去上班，我问他到哪里上班呢？他说到鸡蛋上去上班，然后我就醒了。以上是梦境，现实我父亲已死，我虽结婚但一直怀不上宝宝，也没在上班，这梦暗示什么吗。谢谢！","04"
"梦里挺奇怪的，我一曾经初中姐妹不知道怎么变成一只小黄蛇，然后我们亲吻，这个想不通。接着好像我的公众场合要通知什么事，我就把它放下去，它不下我就把它推到床底下去了，结果它反咬我一口，又疼又肿，还有刺在小拇指头上，还梦里刚分手的对象在梦里想给我取刺，他笨的呀，我骂他了两句，挺害怕的，这梦代表什么呢？我即将出远门。。。","06"
"除夕夜，我回到小时候生活的小村庄。大家在忙着做饭，放炮。我走到院子里，看到邻居家在放鞭炮，突然灯泡爆掉了（可能鞭炮崩到了灯泡），之后又有两个灯泡莫名其妙的爆掉。","06"
"梦见屁屁一直有好多虫子出来，有的时候堵在屁眼口我用手拉出来，以为没了。后来一拉PP就喷出了好多虫子。一直这样。。、吓死了。。就是那种小时候吃打虫药的那种蛔虫，梦到的大概4-5厘米长，后来我累的死，好像有点知道是梦了，然后偶尔一个画面是看到姐姐和自己在卧室里，姐姐站在边上弄什么东东，我躺在床上坐着的，还跟姐姐说了一两句话，外面阳光特别好照进卧室，然后接着又切换到PP的出虫的那个画面。。然然我在梦里就开始弄自己的眼睛，让自己赶紧醒来。。后来努力意念让自己醒，最后终于醒来了，醒来后就发现原来这不是在自己那个家，也没有姐姐。。不过早上醒来还是困，又不敢立马睡，怕又接着来了。。过了几分钟才敢眯眼，连闹钟都叫不醒了，还好有点意识没睡几分钟就起床工作去了。。。这几个月没怎么做梦，就这个梦，还有前一天 梦见自己参加什么晚会，然后穿的像西方国家那种公主裙，露肩的。所有女士都穿那种公主裙还抱一束花，7—8朵的样子，好美~~~","01"
"我梦到我正玩的开心，一个已经死了的老婆婆说要把我带走，我哭着不肯，可他说不然就现在把我带走，和他商量以后说38岁把我带走，我哭的都没有气了。（正好是清明节的早上梦到的）","04"
"我去参加母亲的葬礼（她去年已经去世），看见她躺在那，我走近看她，样子很可怕。突然画面换成另一面，她下身都腐烂掉了，用她的上身哭着拥抱我","04"
"在孩子爷爷家跟孩子说话，突然听到自家烧开水壶响了，（我们跟老人住同一个小区）而水壶里就一点水，我跟儿子说我累了，让他去家里关火，如果不关火壶会烧干爆炸，儿子听了，马上骑车出门，当时，外面正狂风爆雨闪电雷鸣，我就骑车追孩子回来，我去关，可是怎么都追不上","06"
"我梦见母亲改嫁了，而且有个儿子，在实际生活中我们家全是女儿，我知道事实后痛哭，话都不能说，我不和她说话，不吃她的东西，只是哭…我还梦见学生在参加什么考试，我们在阅卷，后来她要走，我想去看看，可怎么努力都迈不开步子…","04"
"昨天晚上做梦，梦见自己买东西，在路边摊看见卖死人穿的鞋，红色绣花的，我当时要买三十六码的，卖鞋的人告诉我要是穿三十六码鞋最好买三十七码的，人死后脚会膨胀","01"
"总是会梦到很多小蛇就在地上，我本身数蛇的，但是我最怕的也是蛇，那蛇也别小，满地都是就跟树上掉的叶子似的。我怎么走也过不去，脚也不敢下地，没办法就踮着脚走，使劲跑，真的很可怕","02"
"梦见和朋友们一起游玩时，帮了一位陌生的小男孩，后小男孩带我们去他的家（记忆中：他的家在山间，一间挺大挺空旷的房子，他的家离我们正在游玩的地方很近。），家里空荡荡几乎没有什么摆设，墙上挂着一张已故女人的照片，很醒目，猜想是小男孩的母亲，因为隐约看到照片中的女人眼睛似乎有点残疾，没敢让自己多看，，，，可没多久，照片中的女人却出现在我们身边，她给我们每人2张5块钱，是真钱并不是冥钱，还说了谢谢我们帮了小男孩之类的话，分到我的时候，我看清了她的长相，右眼残疾，但梦中的我并不怕她，她继续分着钱给我另外的朋友，，没一会我就醒了，醒来时是半夜，回想起梦中的事情和她的长相，怕的就没再睡着。。已经过了好几天了，但我对她残疾的眼睛还是记忆犹新，承认还是有点小害怕。。。 这个小男孩和他已故的母亲，都是陌生人我并不认识，梦中一起游玩的朋友也记不清到底都有谁。。！请李道长帮我解一下梦！谢谢！","01"
"梦见到一个地方旅游，走到村落一个很奇怪的地方，那里不埋死人，到处是死人，有的腐烂有味道，有的到土里还长出刺来，我还被死人身上的刺扎到，我吓得要死，人家还觉得不奇怪","04"
"昨晚我做梦梦到了姥姥，她很生气，而且还骂我，具体的什么我忘了，总之很模糊，姥姥刚去世一个月，这代表什么，麻烦你解答一下谢谢~","02"
"昨天梦见了一个蛇咬我，但惊奇的发现没有咬伤，结果我把她打死了，罪过！","06"
"前天晚上做梦梦到别人死了是我们公司的一个小女生，她的整个身体都给让我们公司一个男的用榔头给砸成了肉沫，还看到了好多大血滴。我看见了但是不是很胆小，我还叫我二姐快点躲起来我就走了不知道干嘛去了，后来好人就都知道了我看到她对象还在笑呢，我很不解。。","04"
"昨天晚上就是梦到自己的左脚二脚趾受伤了裹上了纱布，但是不知道是怎么受伤的？就是感觉在看见裹纱布之前感觉自己就预料到了我的脚会受伤似的。。","06"
"我今天下午梦见和大学的一女的。还有她孩子。当时说我们就要去上自习课了。就准备从家里走呢。之后栓在圈里的骡子就到圈旁边儿肯草。她那儿人脾气不大好。我们在现实生活中其实就形同陌路。见面儿打个招呼什么的。她让我替她抱着孩子。她就去教训那骡子去了。可谁曾想到那骡子可不是好欺负的。看见她抬腿儿就顺势抬起骡蹄子朝她脸上踢去。就这样他们互踢开了。我抱着孩子赶紧躲到屋子里关上门。她叫我赶紧报警。可我看见她的脸已经血肉模糊了。过了一会儿。那骡子就挣脱了缰绳朝我这边儿来了。还使劲儿的踢着门。我害怕了就被吓醒了。醒来后想了想。感觉这梦以前做过似地。就上网查了查。都没有和我这梦相似的。您说。这是什么征兆啊？","03"
"总是会梦到很多小蛇就在地上，我本身数蛇的，但是我最怕的也是蛇，那蛇也别小，满地都是就跟树上掉的叶子似的。我怎么走也过不去，脚也不敢下地，没办法就踮着脚走，使劲跑，真的很可怕","02"
"大师：您好！我梦见妈妈穿的一套红衣服，这套红衣服是姥姥（姥姥刚刚去世了）送给她的，姥姥说原来这套衣服不是我妈的，现在是她的了。这是什么意思呢？麻烦大师帮忙解答一下，多谢了！","01"
"大师：您好！我妈去世已经半年了，昨晚上梦到她回来了，意思是她并没有走，她只是去上边把任务领回来了，要继续把这些任务完成。然后给我说，让我给我的二哥500元（二哥身体很好，家庭也很幸福，比我大9岁），给她准备1万元，她要回老家看看。我妈生前是信佛的，而且是非常虔诚的，不舍的吃穿，把钱和精力基本上都用在了拜神拜佛上。这是什么意思?麻烦大师帮忙解释一下，十分感谢！","04"
"梦见自己在睡时，家里来了客人，还有一只猫，在我熟睡时，猫一口咬住自己的手臂，","06"
" 昨天晚上，梦到了死去的父亲和死去好久的姐夫。还有两把手都是便便，衣服兜里也是。","02"
"我梦见在一个大池塘里，我也在里面游泳，水里游好多好多的鱼，还有海豹、海豚、虎鲸。后来我上岸了，那只虎鲸还冲上岸边来，向我张嘴摇尾巴，我就摸了摸他的鼻子和嘴巴！","05"
"梦到一个屋子下面埋了金币，很多人想墙，然后房子塌了，只有我拿到了很多金币和一些金子做的动物，只记得其中一个是个狮子不是很大能放到口袋里。请问是什么意思？","03"
"梦见死去一年半的奶奶在楼下 往大门外来 我跑去拉着她还没来得极说话，我自己却扒在奶奶的肩上哭了，奶奶消失了变成了坟包。","04"
"我梦见杀了两条猪，汤好了后还挂着。然后有个人还牵了条狗去吃猪血，红红的猪血一会又梦见有人家在办酒席 请问是啥意思？","01"
"梦见不停的给鱼换水，可是怎么换都换不干净，烧水的时候还把鱼混在热水里，但是鱼没死，还是很活跃。","05"
"请问：请问：老公梦到老婆被雷劈死了，什么意思啊？","02"
"梦两岁女儿过小溪沟不慎被水冲下游深水处，我老公被水淹头顶几分钟了没救起女儿，我下水把女儿救起，浑身冰凉没哭声，我赶紧自己抢救同时打120，我很快急醒了。","05"
"梦见自己想非常想要实现的愿望没有实现   梦见自己跟随那个能让自己完成愿望的人  一起去了 想要去的地方  自己百般讨好他  最后说出了自己的愿望 那人说  不可能完成   因为我条件不够   于是我哭了  偷偷的哭了  ，还不等自己在说什么   就没有了  再睡了一会就有到了另一个梦境了   ......  求解","04"
"一只鸭子突然窜进了屋里，我的同学（为人还不错，是那种你不触犯他的底线不会翻脸的人）立即抓住它，拿刀直接在鸭脖上抹了一刀，然后鸭子的主人过来找鸭子，抱着鸭子，我就看见血一直在喷，然后主人用布包住伤口，并且还血流不止，之后主人抱着鸭子一句话也没说就走了。","01"
"昨晚梦见我同学一个爸爸死了，其实他没死，他变成鬼把我从楼上扔下来摔死了，死后自己魂魄还在人间，我很埋怨他女儿，我哭着打他女儿了，还很希望他们能想办法让我重新活过来，请问这是什么意思，象征着什么啊？","04"
"晚上做梦梦见去一个古代遗迹公园玩,进入到了一个嫔妃的房间参观,房间不大比较小,有这个嫔妃生前用过的东西,有首饰,因为我是女孩,所以我对她的首饰很好奇,就看了很久,很漂亮,我就走了,然后出来的时候遇到一个人他说我印堂发黑....估计有鬼上身了,还说晚上回去要小心,果然发生了很多离奇的怪事,吓死我了.但那个鬼一直没现身.我半夜醒来都吓的不得了,感觉好真实哦.半天都不敢入睡.请问下专家我这个梦是什么意思.谢谢!!","01"
"我昨天梦见有一个像寺庙一样的大殿在山坡上，里面放了很多家具但是它是个火葬的地方。门前有个水塘但是很脏有是白色的泡沫！这到底意味什么","02"
"我梦到自己还在外面上学 姥姥姥爷在我家住 可是昨天还回家看见姥爷 但是我要上学的时候 他出门买东西了一直没回来 这就成了我们最后见面 后来两天时间都没见到他 第三天姥姥告诉我姥爷去逝了 说那天他没回来是知道自己的病情后自杀了 我就一直哭 哭到不行了","04"
"我梦见一孔雀不敢过去怕啄我！一老太说她能赶走，于是扔了吃的出去孔雀果真飞了，没想到那孔雀飞站在我头上，一只爪子搭在我左眼上，我害怕急了，想办法引它走，可怎么都不动！","01"
"爸爸生病了后来知道了是重病就拉我们来交代如果他死了怎样怎样之类的，后面我们就送他去医院动手术，后面我妈妈就跟我说爸爸得的不是胃癌而是肠子烂了一节，后面我们又把他转到更好的医院去，在后面朋友载我和我哥去看他，可是路上老是遇到事情怎么也到不了，想着爸爸生病就在那偷偷哭，然后也听到我哥偷偷哭，哭着哭着就醒了。","04"
"梦见一家人在外团聚，突然公用厕所里出现了很多“人”，都拿着刀冲着我们！后来不知道谁喊了一句干，大家也都拿起刀和他们杀了起来。激战正酣，听见一个声音说：好快的刀！就见几个“人”躺下了。很快那些人都死的差不多了，那个出声的人站在一边现身了，一身白衣，带着一条白色的狗，说话的意思是：你们的劫要靠你们自己闯，现在已经过了。说完，那堆死尸变成了一堆","04"
"24:00下班中间休息时间，预回房间休息结果发生外面在下大雨的状况就快跑要回房间谁知在楼梯途中遇到员工找我说他想调换工站，此时总经理突然遇到下楼我就跟员工说我在安排，然后取消休息跟在总经理后面，走到厂房楼梯突然一堆机器阻挡我的去路，我就左闪右避的要钻过这些机台，谁知在最后一台机器伸出夹爪把我卡住，看了看机台旁边有一按钮应该夹爪退出的我就按了一下谁知夹的我痛到喊救命，此时总经理转身过来按了一个按钮也不知道哪来的锯片，就要延我大腿上切过，我就被惊醒了","06"
"忘了是哪个亲戚的小女孩 先在水里会唱好多首歌 正当她翩翩起舞我们看的起劲的时候发现好多特别大的鱼围着她转 刚开始她很兴奋 后来可能预知到危险 周围有个大人帮她赶鱼 当我们反应过来时发现女孩不见了 然后报了警 一番查找也没找到女孩","05"
"开始得时候去一个聚会，古乡古色的样子，家里亲戚都在，然没开始的聚会没开始的时候出去玩，突然间有人说看到金狮子了，我没往那看。这时候别人告诉我前男友也回来，我特差异。走远了以后看见金狮子往一间屋子里走。之后就是在不远的签到处游荡希望能看到前男友。一会他跟家里人都来了，但是我们没说话。梦就这样醒了。","03"
"昨晚半夜11是左右梦到在老家里，我问我妈妈怎么我回来了几次都不见我爸爸，妈妈躺在地上睡觉好像有点生气不想回答，朦胧中好像知道妈妈和爸爸吵架气死了爸爸。然后我就哭得很伤心，但是醒了之后没有眼泪，吓得我不敢睡了","04"
"一个晚上两个梦，都是梦见自己买彩票中大奖，第一个梦连中奖金尾数都记得，第二个只知道大致金额，两个金额差不了多少","03"
"梦见在儿时去过的好像是我太奶奶的坟地那儿拾野红枣，红枣很多，边吃边检，没有袋子，用衣服包裹，还叫上很多人一起捡","01"
"突然梦见在外面打工的我回到家家里      居然看到整天喝酒无所事事的爸爸突然做起正经事在家装修房子。","03"
"突然梦见在外面打工的我突然回到家里  看见整天用酒麻醉自己整天无所事事的爸爸 突然做起了正经事 在家里装修的房子 ，《我家房子已经装修好了可是昨晚梦到的还没用装修》","03"
"青龙。紫龙带着一群小龙架着云雾环绕住宅而来。房子三面有开门。东南北都有门。龙从西边过来。室内有很多人。也有我妻子。都被吓得关上门。没有来得及关跑进室内两个小龙。后来龙群原路反回消失了。那两个小龙就变成应急龙灯。我和妻子没敢拿。被别人拿走了。大家打开门就散了。","05"
"我梦见我宝贝女丢了，我哭得很伤心到处在找，在几个洞里都看到了小白兔，当时就想我宝贝女就属兔，后来就哭醒了           _.---._       .:"":_-.-`_:"":.      :`.`._-.-_..:      `.`._`-.-_..       `.`-.`-.-.-.         `._`-.-_.            ``","04"
"梦见走路在家乡小河的河边上走路，但走到我姐儿子淹死的地方跌倒，我差一点掉下去，但还是爬赳来了，但父亲在岸上说你要怎样才不会掉下去但我说没关糸我会游泳然后就醒了。","05"
"梦见自己在长长河里，河不太宽 河是椭圆形的 想游泳，只能一人下河 想让河宽 就在河底搬泥巴 ，大块的般上来 想让河宽好游泳","05"
"具体什么地方记不清了，反正是陌生的，不过人员都认识，其中一位是我堂哥!!!!还有几个是初中同学，最后射精时候我还颜射了那女孩，后来醒了，床上湿了好多","05"
"有人女孩在后厨做饭然后有人送出去，在做饭旁边有个厕所我小便了，过了一会手上不知怎么就起了小泡，然后胳膊也就跟着酸起来，是左胳膊。然后我就醒了，胳膊就是酸的。","06"
"我梦到有好多的黑色的小蜘蛛在我家后窗户上爬！后来就有几只绿色的小蜘蛛爬就爬到我左胳膊上了，后来被我斗喽掉了","06"
"梦见在学校外面的喷水池和自己的朋友一起游泳。喷水池一直在喷水。周围有路人但是没看我们，游完了准备换内裤就醒了","05"
"梦见要去自己家的厕所，结果走了好久才到，还经过两道门。到了厕所里面脏死了，到处都是屎，然后就走了，结果外面也有好多屎，简直没有插脚的空。","02"
"就是我寻宝，有人出来打我，我就开枪杀了人，接着寻宝，但是我看见那个宝藏了，旁边有文物和金币，然后就一直循环着枪杀打我的人，边挖着宝藏，好像宝藏还不停的变换位置，我就不停的挖，因为有人打我，宝藏就变换位置了，我就换位置继续挖，是在一个有图案的方格阵里，而且是在晚上的地底下","04"
"作晚梦见从东南一直往西北地陷而且出了大水我和许多人冲到水里在水里抱住了东西最后没有被淹死而且上岸了我和许多人获救了","05"
"昨晚梦见卷在羊圈里的羊群不知什么原因都在拼命地往圈外冲，眼看着羊圈的门就要被羊群顶开了，我连忙去加固羊圈的门，就在这时一只黑猫顺着羊圈的护栏悄悄向我靠近，我好不容易将羊圈的门加固好，抬起头看见黑猫正举起爪子要打我，看我望着它，那尚未来得及放下爪子的黑猫竟冲我咧嘴一笑。这个很清晰的梦境让我现在想起来都感到害怕，为什么会做这样一个梦呢？","03"
"昨晚上梦见一只白色小狗，在我照顾它的时候大便在我身上，我把它放下来以后，用东西给他接着，但是还是都大便在地上，沙发底下都有，我外婆还在旁边帮我清理。","04"
"孩子梦见娘俩捡到观音佛像，一大一小，还闪光，母亲让扔掉，孩子没扔，然后拿起来就找人算，然后算命的说不好，后来也不怎么的， 我就来回跑， 说有人追我后来还梦到孩子背追杀","04"
"梦见一个女孩说我老公等了她三年，后来我回宿舍了然后不知道怎么就说下雨了,但是我没有看见雨只是看见房子漏雨把我的床湿了","03"
"梦见回老家了带宝宝在家门口照相，发现一个树根都是娃娃形状的奇怪的树！我不敢看 想叫宝宝也不要看！可宝宝还想很有兴趣，都不愿意走的！（中间还梦到了去世的亲人）","02"
"梦中给家人说，梦见了在卧室里一条大蛇和鸭子，蛇很大，抬着头，从床底下穿行而过，鸭子不动，自己害怕极了","01"
