text,label
我是一名女士，53岁，昨晚梦中的情境：上楼时，看到已故男同事在旁边上坐着，我与他打招呼，问他什么时候来的，他说早来了，我说到底是什么时候来的，他说来了三天了，他又说：好长时间不见抱一下吧，我就与他拥抱了两下，这是怎么回事,12
在梦中看到她，然后场景是我经常呆的地方，是爷爷住的地方，我们畅谈，然后她喜欢的那个人就出现了，说是要回去，我就很失望，但最后要我去送她，可是我发脾气没去，等我开始着急的时候，电话就怎么也打不通了，然后就我一个人怎么也找不到她，然后就突然醒了,7
具体忘了，只记得左边下边的大牙先后掉了两颗，一颗大的，一颗小的，但是没有血，也不痛。只记得左边下边的大牙先后掉了两颗，一颗大的，一颗小的，但是没有血，也不痛。只记得左边下边的大牙先后掉了两颗，一颗大的，一颗小的，但是没有血，也不痛。,14
我梦见我的弟弟被我的朋友误会骗了他的亲戚，所以拿着刀子来找他，我出去阻止却被我这个朋友砍了脖子上两刀，感觉很疼，还出了点血，但我没事，我去向我弟了解情况时，我的那个朋友又来了，把刀插在我们面前，样子很凶，我就醒过来了，感觉很清楚，脖子还有疼的感觉。,20
梦见：被人追杀，走投无路，右手五根手指被人齐根剪断。丝毫不痛，断口仅有血迹，并无鲜血涌出。然后似有再生功能，五根手指全部自己长出。右手完好无损，仅有些许血垢残留。附：最近很累，睡眠不足。感觉梦境好奇怪，十分不解，有颇多困惑，做了这个梦心里有点堵，不知道有何寓意，求大师解梦。,20
晚上做梦梦见楼下的一个角落有一堆土，土里传出来婴儿的笑声，那笑声非常的恐怖，然后自己想醒就是醒不了。好不容易醒了 睡着了以后那笑声有来了。那种好像很不甘心的笑声，让人听了非常不舒服，听着听着我就感觉我被附身了一样，自己好像还流着口水，就像个小孩一样。太吓人了、,7
梦到已故的妈妈给我买了件纱料带红点白地的裙子，也没有和我说话，我拿过裙子之后还穿在身上试了试，还觉得怕别人看到就赶紧脱了下来。妈妈在我的梦境中就给我买了一条裙子，什么也没说，什么也没做。最近总是在梦里梦到妈妈和活着的时候一样，妈妈去世快一周年了,13
梦见下牙出现了上下两层，于是照着镜子把上面的一层拿了下来，大约4-5个，它们好像连在一起，但掉了的位置下面还有牙，但剩下的下层的牙比它旁边的未掉的牙短了，不痛不出血，下层牙有一颗也快掉了，我还用铁丝绑牙，其余位置的牙很好，后来就醒了掉了的下牙是正中的几个牙，平时牙很好，没有健康问题谢谢大师解答,14
我是个男的，昨天梦见被朋友的妻子用刀划伤了胳膊，并且流了血，之后，她用刀又割了我的手腕，没有出血，印象中是好深的口子，我朋友的妻子我没见过，也不知道叫什么。。。。。。。。。。。。。。。。。。。。。。。。。。。。。。。。。。。。。。。。。。。。。。。。。。。。。。。。。。。。。。。。。。。。。。。。。。。。。。。,20
我昨晚睡觉梦到牙掉了一半，开始是上排左边和下排左边的一半，不是一起全掉，一颗一颗的掉，有的牙用舌头一顶就掉了，有的牙是上下牙一碰就掉，不见血，也不疼也不痒。后来右边的那一半也开始掉，但没掉完就醒了。另本人晚上有磨牙的习惯，偶尔自己都能感觉到磨，还在半睡半醒之间配合这种磨牙，目的是为了找晚上磨牙的感觉。不知道为什么，这种感觉我貌似并不感觉到恶心，相反还有一点想尝试的感觉。,14
梦见左侧下牙一个个的掉的很快 掉了一排，自己还用舌头舔了舔，没牙的感觉很难受，然后就醒了，没有见血。梦见左侧下牙一个个的掉的很快 掉了一排，自己还用舌头舔了舔，没牙的感觉很难受，然后就醒了，没有见血。梦见左侧下牙一个个的掉的很快 掉了一排，自己还用舌头舔了舔，没牙的感觉很难受，然后就醒了，没有见血。梦见左侧下牙一个个的掉的很快 掉了一排，自己还用舌头舔了舔，没牙的感觉很难受，然后就醒了，没有见血。,14
在一座山上，可以看到山水房子，突然下雨了，我和几个朋友就到了一屋檐底下，接着就开始打雷闪电了，然后树就倒了，接着就起火了，当时很害怕，过了一会雨停了，我们就跑回家，但是到了半路，我看到一个底下有点水的水池，于是我挑了一担水就回去了。,14
梦见和前夫在床上玩  不知怎么他的生殖器就被划开了   使劲的滴血【现实生活中和他已经没有关系了   不可能和他在床上玩】当时我就吓蒙了   反应过来后赶紧打120   但是没打通   就急着出门去找医生  这个时候我一直都还在和现在的男朋友发信息聊天   怕现在的男朋友生气  然后 出门就遇见我的大伯和大妈   大妈还在和我说话【大妈去年已经去世了】  这个时候我手里 不知哪里来的很大一块鸡腿   嘴里还在吃   边吃鸡腿边去找医生   这时候又遇见另外一个婶婶  一直陪着我走  我让她回去  她说你不怕了我就回去     因为去找医生的路上要经过一片坟地  我想了想觉得自己害怕   就让她陪自己走过坟地再回去  过坟地时  她一直用手电筒为我照明 等我走过坟地后   她就回去了    我想知道我为什么会做这样的梦    在感情上有什么暗示吗？拜托帮我解一下,12
我坐着船在水面上前进，水上飘着很多浮尸，梦境气氛很诡异，浮尸还未腐烂，但已发白。船是比较大的，不会觉得不安全，船上一女孩跳入河中，当时很担心她出什么事，船上其他两个人却表现得很不在乎。在河道快到一大片水面的时候，浮尸多为女尸，而且都穿着粉红色无袖纱裙，而正前方有几个穿着一样的女子香河道方向走来，梦中的我就猜测这个河道可能是专门安放死者的。,10
一开始我在洗手间照镜子，余光看见镜子里有个小孩，可是我左边什么都没有，然后那小孩出现了我转身动动他，哭了，跑到我后面发现一个阿姨安慰小孩，阿姨不高兴，顺眼看镜子也看不见，这是我走到隔壁房间，是姥姥一家人在吃饭，这时坐在我右边右边的妈妈说还剩一天了，我就哭，所有人都没反应。我问什么感觉，说两腿发麻，为什么，缺乏锻炼。一直哭。然后我妈笑着说送我东西，是个透明圆柱，里面顶中底各一个骰子，我好像并没有拿，哭着哭着我忍住哭泣，问我妈一些平时的琐事，她也回答。然后就醒了,8
昨晚梦见自己老家的土胚房，危房，迎来一帮演艺圈的重要客人，在表演节目的时候，我又在房外，看到枯萎的树枝，将房屋砸塌，没有人员伤亡，所有人都在废墟里找值钱的东西，我在找家里的存折，找不着，这个梦境预示着什么呢？,8
父母的一位女性朋友，三十多岁，有一个四岁左右的儿子，有一群坏人追杀她们母子，她把我和父母叫到她家想要我们帮她抵御这群坏人，坏人来了，我和父母逃掉了，她和她儿子分别被坏人用铁链锁住一只脚，后来在路上她和儿子追上了我们，我发现她和儿子因为要逃跑，把被锁链锁住的那只脚弄断，只剩一个血红的截面,16
骑着别人的自行车或电动车在一个地方不知道怎么的掉下去了，前方是水库混乱中抓到了路边摊的帐篷，向下时被树桩挂住没掉下水，旁边有赶集的，呼救没人应，可能有点远。我就使劲风蹬，弄了一身泥。从水库南边不断蹬一直蹬到北边。又在西边洗了下鞋上的泥。上岸后又发现有一朋友办喜事。便想拿钱凑份子，身上没钱记得车上有。便回头拿发现车没了。就醒了,9
我和老公好象开了一家酒吧，还是我们在酒吧里面干什么，然后突然着火了，老婆本来在外面，看到我没有出来，谁也拦不住，非要冲进去救我。其实我就在门口，我也想出去，而老婆冲进去救我，没有看到我。但我冲出来了，没有看到火，只有烟，然后老婆死了。,9
一开始我好像会飞，飞到了我们的河边，河里发了很大的洪水，我飞在空中看到我邻居的小孩大病初预，跟着河水游下去了。最后好像被他爸给一起拉回上岸了。接着我又往上飞，突然看到了一条大蛇，很多人杀它但最后蛇被我杀死了！还把蛇头给砍下来了。,14
一家子挺好，有天晚上爸爸看到我们家狗，拿着刀说它必须得死。后来和姐姐说话时捅了她一刀，姐死了。爸爸说我和姐必须死。我说能不能不死 ，我想死的好看点，又化妆又把头发剪短，剪的参差不齐。后来爸爸又不杀我了。老舅来我家安慰我妈失女之痛(其实他和我妈妈现实中没那么好)，他带了化尸粉(就是撒人身上人就融化的)，想撒我姐身上。但我姐突然醒了。,9
我是女生，做梦与一名异性一起睡，他好像是我喜欢的那个人又好像不是，我们本来不是睡在一起的，后来睡着睡着就睡到一起了，好像还有一点亲昵动作，我嘴里含有一口水靠近他的嘴，不知道是想亲他还是恶作剧想把水吐在他身上，但是都没有成功，他好像也有点喜欢我，后来就第二天了，他的工作好像还有师傅什么的，他的师傅好像还不太喜欢我。求解,10
我梦见我自己去要账被一个几年的朋友骗，然后被他用刀子扎伤左臂而后和解说过段时间还钱 我出门梦见自己跳进河里抓鱼 好多彩色的鱼 人们抓到小鱼我劝放生 自己抓了几条较大的鱼 左后梦见一条貌似和鲸鱼般大小的鲤鱼和我说话 梦醒,21
刚开始说她要和她男朋友结婚了，她很开心，在梦中我好像也不是特别难过，然后她和她单位的同事一起坐车，像那种公交和大客车，好像是他们单位出去旅游，然后我乔装打扮一起上去了。这个车里很奇怪，前低后高，像有台阶一样的，台阶级数很少，耶不高，感觉很宽很长。然后我在合适的时机表露身份，强制拥抱亲吻她，她感动了，答应和我在一起。然后出了一个事故，我记不起是什么事故了，她死了，我把她埋葬了，这时候发现她男朋友也死了，我把他们埋葬在一起，但不是一个墓穴。有人问我你怎么把他们埋葬在一起，我说怎么可能，只是把他们放在附近罢了。我很难过，伤心。但不知道为什么最后出现了泰坦尼克号（一部非常有名的爱情电影）的男主角，他们都复活了，原来是在演戏，这时候我发现三个都是男的了，没有那个女孩了。,9
昨天晚上我梦见他活了，我活着的姑姑去世了。醒来感觉有些害怕，请大师讲解,13
也不完全是悬崖，是一座高楼，本来是在高楼里玩的，后来就变成了用很多石头垒起来的高垒，我在垒最上方，看着下面瑟瑟发抖。后来摔下去了，背部着地，人没事，包里的相机好像坏了，也没拆开看，就是感觉里面一块块的了。,14
总会梦到男友找情人，每次都是不同的人，这个梦做了快三年了，最近半年就昨天晚上出现一次。求解。,9
梦见有人抱着我的小孩子，突然另外一个人一只手抢过孩子扔出去了，我就哭着对别人说，我的孩子让别人摔死了。这是什么意思呢？,9
我经常梦见自己走到一个山下，山很高，中间有很高很陡的石梯，我往上走，走到山半腰上有气势非常宏伟的庙，两个和尚经常下棋，我去了他们还会说，哎呦，你又来了。然后我就一边喝水一边聊。,12
大师，我梦见很多人披麻戴孝的在一个坟前哭，这些人和坟在一个大沟的左侧，我在右侧，我面朝北走，看见坟和那些人在那里哭，我也就顺着路上给逝者磕了个头，我老婆也跟着磕了一个，但我们不知道逝者是谁，这时候就刮起大风，顺着我们前进的方向刮的风，心理想还是尊敬逝者好吧，刮顺风了，继续向前走，这时脚下的前方有正在燃烧的烧纸，烧纸的燃烧引起了旁边的鞭炮，可是这鞭炮又变成了小礼花，在我头上方不远的位置开花，这时候看见我前面也有人在这里经过，心里想，他们过的时候怎么没有礼花，我过的时候有呢，然后继续走，又发现坟，心理就有些害怕了，就往四周看，看见了释迦牟尼的坟，不是多很清楚的看见，所以就双手合十，口中念叨，阿弥陀佛，保佑我，念了好几遍，然后就醒了，求大师解梦，,13
中午睡觉，梦到我和很多认识的人在森林里，有我三个好朋友，其中一个朋友下了车我去找她，然后突然所有的车都开走了就剩下我一个人在那，然后就看见两头黄色的老虎追我，都能听见老虎的脚步声，后来就醒了。这个梦有什么说法没有啊？,12
昨天晚上我梦见我还在读书，后来在教室里面老师在上面讲课，我坐在最后一排，突然我的牙齿掉了，开始是一颗一颗的掉，后来是从口里一次吐2-3颗，直到吐完。吐着吐着从口里吐出来的是血，吐了很多血。这代表着什么意思啊？,14
刚刚梦到的，我和几个人在爬塔一样的东西，在里面爬楼梯。弟弟爬的快，把我们拉开了距离。忽然我看见头顶上的楼梯在下沉，塔外有人喊塔要塌了，快出来。我赶紧叫弟弟，可是他爬太高听不见。我自己赶紧出了塔，见到了我爸妈，我们就走了。路上我说，弟弟还在塔里，我爸很着急，开车一路逆行到了塔跟前，塔已经塌了，我弟弟被救出来，但是像尸体一样盖着白布，盖住了头。我爸妈掀开布，发现我弟被砸得血肉模糊，但脸是好的。我看见我弟眼睛动了一下，就立刻喊，他还活着，可我无论怎么喊，我爸妈都没有行动，他们相信弟弟真的死了。然后我弟弟旁边一个大妈拿着刀砍我弟弟的身体，就好像砍一直猪一样。我弟弟的肩膀被砍掉一半，我看见弟弟提了下肩膀，然后我伤心死了，想着弟弟没被塔压死，是被活活砍死的！我在梦中大喊，然后醒了。求问大师，这代表什么？谢谢大师了！,9
第一次做梦是在头期过后的第一个周一早上，梦见找妈妈，怎么也找不到。来到一个湖边，借着柳树的阴凉处，遇到了一位身穿破衣的女子，手里拿着三弦琴，那琴弦松的感觉一点儿弹性都没有。我告诉她我的来历后，她说：“听完我的琴声，你就能找到妈妈了。”琴声很美，听着心里暖暖的，舒服极了。可突然琴声消失了，却还是找不到妈妈。于是哭着醒来后，觉得这是一场梦，在半睡半醒时，想想妈妈孩子，可真正清醒的时候发现：噢，妈妈不在了。,9
梦见晚上睡觉的时候同别人做爱，而且迷迷糊糊感觉是老公又觉得不是，但是还想肯定不是老公，他去上班了不回家睡，然后就想挣开眼睛开，就是挣不开，去拿手机打电话给老公又打不出。后来就醒了。觉得心里怪怪的有点怕，急求帮助，谢谢！,14
在北面的一个房间有个年轻女人，我忘记为什么了，我打了她两下，结果她就死了，流了好多血，我害怕了，我没杀过人，我也不想坐牢，这个女人又好像是个榴莲，我轻易地就能抱起她。怕被人发现，我抱着她到南面房间的床上，因为北面这个只有沙发，没东西包她。把她用床单什么的包起来，为了防止血浸湿褥子，我还在床单下面铺了个厚厚的垫子，然后盖上被子装作什么都没发生就出去了。我想出去想想我该怎么处理尸体。在门口还遇到管家婆。,9
我做梦梦见杀了不认识的人之后埋尸体时尸体自己是碎的，我和家人把尸体埋在家不远，埋尸体的地方是家里原来的厕所，尸体和苹果、香蕉埋一起，过了一段时间我把苹果翻了出来，被我妈骂了，最后把坏的苹果捡起打算喂猪。,9
 经常梦见自己 会轻功 不是弹跳力很强的那种 是身体很轻的 会在高处往下 不动漂浮很远 两脚一跑就能飞起来 只要在梦中 我就知道自己会轻功 这就是我的梦中记忆,7
梦中是这样一个场景：到处都是水（但是不深到膝盖），好像是被人追着，然后逃的时候没有在意掉进一个粪池里，（也不深）。从粪池里出来，继续跑，结果又进入了另一个粪池！,14
本人男刚结婚，26岁，今天我梦见自己碰到一个女孩，说了几句话但是没记住说了些什么，意思就是和她说话了，后来在路上走着走着我的手指流血了，血很红从手指滴血，然后我去找医生，医生看到我的手说，自己碰到不干净的东西了，让我注意，后来回家了，然后又看到自己手上出血这次很多血整个手都是鲜红的血，我伸开手看（左手）看到了中指骨骼上缠满了树藤，就是那种藤蔓植物的那种触角须，我很害怕，然后去找那个医生，医生是个4、5十岁的女的，找到她后她说让我上车，然后开车带我去找那个女的，在大门口看到了那个鬼或妖怪的东西是一个女人（后在发现是我家大门口），医生说那得符可能不够，让我帮忙，医生就用符把她定住了，但是她还能动反抗不了，医生给我一根很长的针带红线，说从背后扎到她的心脏扎死她，那女鬼反抗求我别杀她（她好像和我有感情），但是我很害怕，还是刺进去了，看到心脏被刺了出来，然后那女鬼没有立即死去，她突然安静了好像还坐着，看着好像没事一样，皮肤很白，我不知道为什么拉她手一下，想确定她死了没有，但感觉她和我好像有什么感情（生活中不知道她是谁），后来好像我家人也在身边我老婆也在，握了那女的手一下，她就倒在了椅子上，手臂和身体开始变红了，然后就确定她死了 ，梦就结束了，请大师帮忙告诉我这是什么意思？ 这个梦到底告诉我什么？ 有什么预兆…… 在线等大师解梦。,9
我和一朋友在走路，自南向北走。突然发现路的东北方有一栋房子着火。我开始认定这是我们那地方一户人家的房子。就赶紧和他跑过去救火救人。我那朋友在火中救出了一婴儿。而我却帮助主人（夫妻两口子）查到了放火的真凶。是他自己工厂里的工人，因为她感觉受到老板不公的待遇所以才放了这把火。凶手是个女的。而且我的臀部被扎进来些细小的木刺，我还拔了几颗。我好像也是通过谁臀部有小木刺查到真凶的。这个记不太清了。,7
梦到平时很和蔼的三姨在骂我，原因竟然因为为我教他孩子的学习、她说再不用你教我的孩子啦，不用你管，然后让我走开，我就站在老家的外面歇斯底里的哭（哭得很大声，很痛苦，感觉很真实，但醒来后没有哭过的痕迹），妈妈在一旁很为难的表情，但没有说什么。（三姨平时人很好，从来不说人），求解答,9
"梦里开车带儿子去一个朋友开的山庄玩,山庄后面临江而建,江在山庄这里有一个U型静水""湖""面.刚刚到山庄时,儿子下车就从车上摔下来,扶起后,我们准备去玩麻将,然后.....不知咋的,就到处找儿子.在路上来回寻找无果,动员山庄所处的村里人帮找无果....两口子折回去的路上寻找,上了山上大喊儿子的名字,继而往山下""湖""面看,见打鱼人们围在看,心里就想到儿子出事了,两口子就撕心列肺叫喊着,从山顶滚爬下山来，风要到湖时，梦醒了，见儿子在身边睡的很香，心才稍安。、、、、便起床吸烟一根才继续睡。不知何解，敬大师解梦为盼！！！",14
我跟我前男友关系很好 只是闹了点矛盾分开了。  我梦见了我前男友 跟另一个女生在一起 在梦里我很伤心 然后就醒了,9
您好，我最近两个月经常梦见前段时间死去的大嫂，今晚我又梦见了，今晚梦见的是我在她家的客厅，她也在，她与我说她得了不治之症，带着很悲伤的语气与小声哭泣的样子，第二个画面是：我与我儿子都在她家的客厅里，我儿子大喊我叫我看看，我一看，看到大嫂趟在她家客厅里沙发上一动不动，（还梦见她家客厅是关着门的，我惊慌得很）不知道怎么办。第三个画面：大嫂趟在她家客厅里的中央，用长凳子承着，我本来是背着她的，然后，我一转身，发现她这样子，我就大叫一声“啊”然后，走上前去碰了一下她的脸，发现是硬硬的，然后我就跑得飞快去屋外面去叫她老公过来，跟她老公说了之后，她老公好像没什么表情，然后就走回家，她老公就去烧了一些东西，然后，我就梦醒了。。。。。。。。麻烦，帮我解一解吧,23
梦的过程是这样的，老婆要生宝宝了，在送她去医院的路上就好多刚死的人在办丧事，一直挡路，走的很慢，后来到了医院，医生又说宝宝没了，我那个伤心啊！可我进了病房宝宝又好好的！说是及时救过来了，没问题了很健康！这就是梦！好可怕啊！我老婆就快到预产期了！高手帮我解释下！压力大啊！,9
昨天晚上做梦梦见晚上的时候 梦到刚从家门出来走了十几步就有一个老太太一把把我拽住了，然后我就知道他不是人，是鬼，然后和我说了一大堆的话，是什么具体记不清楚了，然后带着我去了一个地方，是哪不知道，但是附近好多的鬼，但是我看不见，只能看见那个老太太。但是每个鬼身边都有一只猫，我看见一个鬼在打一只猫，然后我就过去踢了鬼一脚，然后鬼就追我。我就跑，把他们都甩掉了，然后去了一个全是在世的亲人的地方，一起吃饭。再然后就是去学校上课，然后上着上着就下雨了，但是不知道怎么回事，屋子漏雨。把我们这帮同学和我都浇个落汤鸡。在之后就醒了，请大师解梦，多谢,35
姐姐去世了5个月了，昨晚梦到她还活着，只是身体很弱。在梦中妈妈告诉我姐姐替她去了叶县，我怕她累着，就去找她。还没见到人就醒了,9
梦到在自己不情愿的情况下，被自己的老公拉出去和他玩出，后来两个人都掉进水里了。而且还是冬天~ ,10
前几天，梦见死去的一个人让我给别人发烟。后来有为老者和我说话，接着出来满地的乌龟，各式各样的。还有背到 头之间，长如意头的。老人 替我 算命。还吩咐我该怎么 做，然后 说 他 要 去成仙。我本来想吧这些龟养上的。可 是有 的到水里都变 成船了。还有 的 变成鱼。还 有的变大数被，吃鱼。最后鱼变成了 纸条。写的是我的命运,14
昨夜一梦，自己成了黑社会，正在管理本会的战斗机群，因发动机需要维护更换，遂找了一个熟人换发动机，结果一看换的发动机很简陋，冒火，跟那个人大吵一架，貌似说的不要他的发动机了，此时的我依然很生气，回家把自行车拿到楼下擦干净想兜兜风，擦好后上楼拿车钥匙，下楼后居然上了公交车，坐了一站后下车回头再去找自行车，连在梦中的我都十分郁闷，回去不用说了，十分担心自行车丢了，当然自行车也肯定丢了，车没骑成，郁闷，完了。,11
 梦见我，老公和旧情人三个人站一起我问那女人：你和我老公有没发生关系。她说：有过几次，在公园里好刺激的。脸上很幸福的表情，遂后跟踪她和老公，看见他们在桥头转弯处和人说话，这时那女人居然大着肚子，而后带着孩子跑过去，一把抓着那女人，使劲的打她肚子，结果一看怎么变成个7，8岁的小女孩了，在看过去那女人居然换了身衣服和老公说笑着过来了，跟在后面，听见老公对那女人说：啊妹，还要吃些什么？就醒了,9
大师，今年七月十五前几天我就一直做梦梦见已故的亲人，我的爷爷奶奶姥姥姥爷，还有叔叔都没了，但是就会梦见姥姥和叔叔，在梦里面清晰的知道他们已经死了，每次的梦好像都是我站在边上看他们的生活，有时候他们能看见我有时候不能，看见我的时候对我很凶，这是怎么回事呢？我在枕头底下放剪子了 也不管用。昨天做梦又梦见鬼了，那鬼是半夜照镜子的人就会俯身的样子，很害怕。我家里人这几天也是会梦见我这些已故的亲人，请大师解梦,9
梦是这样的，我梦见一个白莽在我身边经过，然后直接爬向江边，在江中向上游游去，速度相当快，紧跟着他后面出现一群白莽，跟着游，梦中我回到家中，我发现一条黑莽，或者说是黑龙，要吃人，但是却不知道他在什么位置，他突然出现在我妈妈的身后，我大喊了一声然后吓醒了！,19
上半部分，梦到家里的老房子后面的一条河那里，一个朋友死了，不知道怎么死的，然后就在我家老房子后门也就是对着河这里，我们在聊天，我躲在房里，爸妈都睡着了，但可以看到她，有月光，很亮，我们聊了很多，她和我说了很多，类似与我将来的话，都是比较好的；然后我走出门去给她烧纸钱；下半部分，和13岁的弟弟，和妈妈，一起送弟弟去读书，就在我读1-3年纪的那个离家最近的学校，然后要他背书，朗读；后有些（爱情公寓里的演员来了，闯入，我们发生摩擦，但没动手，我们就回家了。）注：最近都没看电视上面的，而且更干净灵异的是，我从小到大，每隔一段时间都会梦到一次那个小学，而且大部分是与灵异有关，有梦到过它本来是个坟场，也有梦到过它里面有很多鬼魂，甚至都是古现代的场景都有。本人女，19岁，求解。谢谢。,7
梦见出去玩，好像是个旅游景点，有一个池塘，刚开始看不清池塘里是什么，只能看见白色的很长很粗的不知道是什么，刚开是以为是蛇，当登上高处向下看的时候一条白龙从水中一跃而起，并且不只一次的跃起，当我想离近点并且拍照的时候发现白龙要抓我，而且只针对我，因为旁边还有其他人，当它抓住我把我带向水里的时候梦就醒了，求大师解梦,19
梦见回老家，老家在山里，进了山就到处都是雾，山上有条路能直接到另一个地方，我看见有两个人从那条路过去，然后路就不见了，回家的路上到处都被水淹了，很不好走，有个男的走在我前面，我跟着那人的脚印走过去，回到家看见哥哥姐姐，坐了一会儿他们就要走了，我坐他们开的车一起走的，返回的路上看见路上的水都不见了，而且路变的很宽很平坦。回到我们住的地方就在路边上看见有两家在办酒席，一家是喜酒，我哥办的，一家是生日宴会。我还和家人一起吃喜酒。吃完喜酒就打牌，一边打还一边卖东西，生意还不错，再来就醒了.梦太乱了，求解！,17
我在梦里经常过段时候就梦见自己牙齿疼，而且松动。就是不掉。基本过段时候就这样梦出现。到底意味着什么？网大师解释啊。跪求,14
您好，最近很困扰，多次在深夜梦见已故的妈妈还活着，几乎每次的场景地点都是妈妈去世时候的家里，每次都是回家突然发现一个身影，然后就发现是妈妈，就哭得不停，妈妈依旧和生前一样，做饭洗衣，而且告诉我很多话，也暗示说她还活着。可是事实上现实中我亲眼看到母亲病死在家里了，这个梦多次发生，每次都是说她还活着，我该如何？这代表着什么？,7
我今年16、女。今天早上做了个梦：我站在马路中间、我暗恋的人穿着一袭白衣从一边直走过来抱起我到另一边，然后就开始强吻我。当时旁边还有三个女生，其中有一个是我的小学同学。他吻我非常舒服，我就情不自禁地和他舌吻，梦就此戛然而止。这是一个没有开始也没有结局的梦，直到现在我还有点失神。哪位大师能帮我指点迷津啊？,7
昨天晚上，我梦见我满身的血在路上走（似乎是被车撞了，记不清楚了），还被人开了一枪，躺到大马路中间，在我快死去时我看见了我去世的奶奶，奶奶对我说了什么（没记住），之后她就走了，过了一会来了一个人，他看我很痛苦，说来解脱我，就露出獠牙咬了我的脖子，我想到他可能是僵尸，我要变成僵尸了，就吓醒来了。,15
昨天晚上做梦梦到 我去找我对象。然后她告诉我她从新找个了不喜欢我了。然后看着她跟她的现任对象手牵手。后来又听到她和我以前的一个朋友说“她跟现在的对象谈不是真的。为的是以跟你谈。”然后我就出现了看这他们。整个梦中我都记着我女朋友的眼一直是哭红的那种状态。做这个梦中间醒了两会接着睡。睡了接着做那个梦。,9
梦见自己和父亲都杀人了 然后在一条路上父亲骑自行车栽我 然后看见收费站了 绕开收费站到了小路 到了另一个城市 我突然要想去买自行车 到了商店发现商店进去后服务员说 关门了 然后出去商店 下雨了 我父亲进了一个交电话费的小店避雨 我在外面淋雨 突然跑过来一个活死人 我躲进了小店 我父亲我和店主把门用力关着 活死人在外面撞 突然我父亲打开了门 我们就直接冲出去跑 我突然捡到一个棍子往活死人头上戳 但是戳不进去 然后街上混乱了 大家全部在跑 然后我醒了,19
昨晚的一个梦，开始是和一个漂亮的陌生女人发生了关系，因为实际上我根本不认识，但是在梦中好像是认识的人，之后我又跟她强行发生过几次了关系，我不知道算不算是强奸，我的好兄弟知道后很不高兴，但什么也没有说，就不理我了。之后我们去的地方的居然是学校，还是我读初中时的教室，我和我的好兄弟还在一起上课，好像没有任何人知道此事一样。,14
我梦到，同事故意惹一个人，同事本来就受伤，被那个人打了几拳，我连忙阻止，顺势给了那个人一拳，没想对方一把箍住我的头在我后背好像是用冰棒棍插了一下，顿时感觉无力感，求放，放完后看到那个人全身都变成了红色。莫名其妙。求解,7
梦到几个朋友一起到了一个密室然后密室里有血 血的尽头是一副棺材 棺材旁有个浑身是血的死人 然后这死人变蛇追赶我 我跑到老家一个平常不怎么熟悉的人家里 赤脚把那蛇踩成了三断 但那蛇还活着！紧接着我有做了个梦，是这个梦的再续！还是那个密室，一些我不认识的朋友，他们告诉我在那个密室里的一些声音，一些情节是他们故意做的，并在这个梦境中他们演示了一些情节。但他们演示的这些情节都没有在上个梦境里出现！一个情节都没有！梦到了这里有出现了意外，在梦中我因为质疑他们说的，就靠在一个柜子上问他们，可这时却在那个柜子里突然又出现了一条蛇，感觉中和上个梦境是同一条蛇！这次我要杀那蛇，却被他们拦住，最后我提起那蛇扔到了一边，可那蛇却盘了起来，但不见脑袋！,7
老师，您好！昨晚做了一个很奇怪的梦，开始梦见自己在洗澡，洗着洗着突然发现男女浴室是一个帘子隔开的，自己却在男浴室这边被一些人看到看到，很不好意思；接下来好像感觉自己是在部队里，自己从柜子里拿了东西被发现，被上级开除（说是违反规定私藏物品，其实那些物品时自己领导的，但是又不能供出来只能自己被开除）；再后来有继续梦见有人被杀死，用很残忍的方法。然后自己很害怕就醒来了。,19
自己在回家的路上手里拿了件蓝针织衫.走着走着发现手里的针织衫变成红色另一件衣了，就往回找原来蓝色的衣服，后来发现手里的哪件蓝色衣穿在身上了.又往前走看见一女孩向我示爱，又问我有没有老婆，我见她长的不好看.就说我早结婚了.孩子都2岁.然后才打发她，突然发现红色们衣服不见了，就看身上原来穿在身上可蓝色的衣服不见了.就回头找没找到，又往返几次没找到.后来发现,9
我和老公带女儿出去玩，经过一座桥时，老公把自行车停在桥旁的岸边，我和老公商量着是否要骑过桥时，女儿就去扶自行车，结果没扶助掉进河里，老公拉了一天下没拉住，女儿就沉下去了，老公不会游泳，我急呼救，先有一人下水，但总是差一点就抓到，等后面想下水救人的人说水太急了，被冲走了，我就看不见水里的女儿了，就急醒了,29
我梦见我和男朋友还有妹妹 溜达玩走到山上看见一块坟地我看了一眼突然出现一个 女人白色的短发 胳膊夹着东西往下走 不一会跟着我们来了我就害怕了 我和妹妹突然一回头 他没害怕 我就倒在地上 他从我身体上 骑了过去 我就吓醒了 为什么会梦见 这个呢？太可怕了,7
早上做梦梦见自己的下牙（就是虎牙下面的那颗牙齿）被自己舔掉了，还出了点血，我自己拿着牙齿看见牙里面差不多都空了，差不多中空状。然后就醒了，现在挺害怕的，不是说梦见牙齿掉不好吗，跪求大师帮忙解解，不胜感激。谢谢~,14
梦到老乡给我和老公介绍了一份工作并收了200元介绍费，在坐上列车以后，心里特别不舒服，我问老公，我们的事业就不要了吗，你忍心打工吗？他很坚决的说是的，我心里特别失望，我说我们在北京还有一片天那么多设备都不要了真的很可惜，后来就醒了,9
梦到我一把雨伞放在楼上阳台凉，有一阵风像夏天里季节性一样说来就来，继而下了一场大雨，而我的小红伞在起风时被吹到楼下，下完雨后，不知怎么，原来是撑开来的伞又合起来，只见它掉到一楼排水沟里冲跑了，我去堵截没成功又冲到好像是地下室的暗沟里再也找不回来，不过在地下室里住着好多人，有的做生意的，有开洗澡堂的，还有住家的，没找到伞就很失望的往回家来，后来就醒了。请专家咨询服务,19
梦到我打电话给自己恋人发现他跟别的女人同居、说要离我而去、我一个人独自伤心。求解？,9
梦见家里进来蛇了，家里和现在住的房子一样，就是多了院子，院子里都是泥土地，本来用袋子抓了在泥土里的两条蛇，让我弟弟提着去给某位大师看的，记不起来了，但是蛇咬了我弟弟两口逃走了，后来想抓但是蛇钻进地里了，又请了大师来，大师好像说可以把蛇赶走，但是还会有蛇来所以等几天一起赶走。梦里觉得去年也有过很多蛇来家里，在梦里还想如果夜里睡觉的时候有蛇来怎么办，还有一些零碎的记不清了，请大师解答啊,18
昨晚梦到好友去世，原因好像是车祸，然后在朋友去世前，自己好像和她开玩笑发过短信：去死。所以一直很内疚，也有人说朋友去世和我有关。接着梦到去参加学校的文艺汇演，见到从小到大所有的好友，得知，好像去世的好友好像不是真正的死亡。又和另一好友聊天，得知其感情不顺，恋爱遭到父母反对。然后互相交换食物，食物是土豆。。。,9
很久以前就喜欢做这种梦了，被人追杀，逃命，我勒个去啊。。。昨晚上还梦到被人追着差点强奸了。。后来吓醒了。。。有时候也会梦到追杀别人，感觉挺爽的，武功高强，会飞的那种~~嘿嘿，不过还是被人追杀的次数更多一些。小时候还梦到被日本人追到房顶上捅了一刀，不过大多数梦都是跑着跑着就醒了没被追上的那种。,16
"昨晚梦到在大海上有一条长沙发,我和我妈在一起.远处看见一只小熊猫我为了躲避开它就紧贴沙发让它走了.没想到隐藏着一条蛇,咬住我掌心,情急之下我甩死它了.结果不久小熊猫又回来了  没办法我压住了它 想打110 可打不通  叫我妈也不应  期间它一直反抗我没放手.就醒了",11
梦到前男友不说话 看着我笑是那种若有所思的微笑以前也曾在他脸上看到过这种表情，但不是经常没有前因后果，没有任何剧情，持续了好久，只是对着我微笑只有脸部特写，非常真实我马上就醒了，醒了以后也是迷迷糊糊的起床后也能记得很清楚那个笑,8
昨晚，应该算是清晨了，我梦到已故的爸爸，还有一个村子里的池塘，好像我还掉到了池塘里（有没有掉下去记不清楚了）。爸爸在梦里一直都没有说话，其实我已经好多次梦见他了，梦里他是没死的。但是我在梦里心里又是知道他是死了的。最后我爸爸在梦里咬了我的左手食指。我就哭起来了，醒来的时候发现确实是哭了,14
我梦见 老公 买两个又大又漂亮的钻戒一个送我一个送小三，而且老公瞒我和小三刚结完婚，小三很漂亮穿着婚沙，我没要钻戒和老公大闹，老公说早就讨厌我了，并说我许多坏处，我听后太伤心啦！也有一种被欺骗后的愤怒，老公还能让我留在他身边，我说决不二女侍一夫！说完大哭，心痛原来老公一直看我不好，我自己认为我做得都很好呢。我对老公说就因为你想离婚就这样说我?,9
一电梯的同事进电梯，一开始进去两架电梯内室是打开的梦境，后来电梯开始运营的时候好像又个隔开的，然后电梯突然下降，电梯里的同事有些就半卧式趟在电梯里，我也就立即半卧式趟着，电梯里的指示数字乱跳，结果门打不开，快要窒息的感觉就醒了,14
梦见我过世的母亲要开商店 自己和她交谈 我父亲帮着粉刷房子 又梦见我故去的奶奶 并在梦境里知道奶奶过世还看见了奶奶的灵魂 还梦见我家过世的小狗 很健康 梦见自己从高高的雪山顶上滑下来 还梦见自己和自己的对象吃饭 以及参加招聘会 自己错过了 去的时候已经结束了但是做完梦 很舒心 没有特别恐惧或者什么的,14
梦见家里被贼偷了，贼好像趁家里人睡着后用药把大家弄的睡得很死，在家里翻箱倒柜，把家里值钱的东西和钱 卡都偷走了，等大家醒来一看，家里乱七八糟的，沙发过道到处都堆放着翻出来的东，贼偷完东西已经走了，我赶快就看钱包里的现金 卡等，一看都不见了，全部被贼偷走了。,9
每晚都会梦见我的小学同学，她们曾是我的好朋友，后来因为小误会没联络，但是分开后这14年，每晚都梦见她们，有时候她们还是我好朋友，大多时候她们一起在害我冷落我孤立我。,8
我梦见自己得了一种病，浑身无力浑身浮肿，好像就要很快要死了，家里人朋友都通知了，后来我妈说临死前要死个澡，我没劲洗，这时有一个年纪男的要帮我洗，我不肯也不好意思，他好像说他是一个年纪这么大把一切都看得很淡，更不会有邪念，他好像是一个和尚之类的人。后来洗了个澡居然没死，浑身的浮肿也消了人也精神了。,9
梦到儿子被很凶的狗咬，那狗跳起来 边叫边咬，但好像没咬住。我在奋力阻挡，一边大声吼叫一边用力踢打，我在保护儿子，告诉儿子不要怕，有妈妈在呢，有妈妈保护你呢。但是不管用，狗还转着跳起来要咬呢。就是觉得特别特别的凶的一只狗，但几回下来，好像是没咬着儿子，便是儿子确实很害怕。我也很急很怕的，我是担心儿子被咬伤。,7
梦见两条龙，一条小白龙在岸，消失后在水里出现一条青龙？之后记不清了,10
我弟弟连续几天梦到已经过世的奶奶坐着大吃特吃，不跟我弟弟说话，也不看我弟弟一眼，只顾自己吃东西，但样子还是消瘦的可怕，在梦里，弟弟觉得奶奶实在太可怜的，就忍不住哭泣，一梦醒来发现自己泪流满面！,23
 梦到我和同事在河边捕鱼。我在河上游，有一个比较狭窄的地方，里面有两条20厘米左右的黑鱼，我抓住了一条，鱼没咬人。然后我看到河流往下很窄的地方有两条40厘米左右的黑鱼，我就想：“让我同事到下游堵住出口，我从上面下去抓鱼。”但我同事没堵住，结果鱼逃跑了，可是看见他在水坑里，水好清晰啊，跟透明的一样。,10
 在老家，我和我表哥一起，还有我姨，我梦见狗咬了自己我有把狗摔死了，他们没有帮我,11
我梦见有四五条白色的云龙对着我叫吼，开始只见到头，后来我用席子扔他它，再后来飞走了，飞走的时候又看到龙尾，然后就醒了,19
我梦见我家老房子被偷了可是没有丢东西还梦见已故的父亲还梦见自己在考试是什么意思那,7
怀孕梦见被火烧伤整张脸，脸都脱皮了，接着头发一扯就掉光了。梦里和朋友一起诉说时非常的伤心，还指着满是伤痕的脸给朋友看，号啕大哭,9
梦见别人把自己的头割下来三次又长上，每次割下来也感觉不到痛，但是还能看见别人，然后头上戴了很多帮助眼睛看路的东西，等上熟人说今年帮你,20
我是个男的 我梦见我回到像是民国时期的事情 最让我印象深刻的是一个女子 她背影有点像我现在的女朋友 这是我起来之后推断的 在梦境中她站在那种古老的化妆台前是流泪 她眼泪似乎哭花了妆 她看起来好难过好悲伤 我看着她哭我站在她身后也感到好难过 我还有喂她吃冰淇淋 但我始终是记不起她的正面 当我醒来的时候我觉得好惆怅 好难过 好悲伤.,9
"梦到大河，河里有好多好多大的鲤鱼,很多人在抓鱼，我也在抓鱼，大家都在等，至于等什么就忘记了，到最后，我没有抓到鱼",10
梦见自己在教室里和以前的同学以前坐着窗边，忽然发现包不见了，里面有钱包，钱包里有我的身份证和刚发的工资1200，后来跟同学说，有一男生说昨天晚上在酒吧看到我的包了,9
梦见生病去香港动手术，到了香港好想见到在香港爱的男人。心里好怕，怕动了手术就这样见不到他，梦到动手术那天见到他在陪我。,8
在梦里，和老婆与她的朋友一起出游。来到庙里，她朋友要去拜虎爷。梦里的虎爷是在一个类似擂台的四方神台上，神台大小为6米左右，高一米左右(1metre)。神台上，围绕着一米高的长方桌宽半米左右，神台中间空着。入口的阶梯在神台的中间偏左方，出口则是在右边的后方。一上了神台，虎爷（活的黄老虎）就在右边长方桌的下面。其他桌上则是蹲着一只只的小猫，很有规则的蹲着，各距离半米左右。她朋友很平顺的穿过了神台。我对老婆说我不太喜欢穿过去（心理面是怕老虎会抓人），但我还是走上去了。一踏上了神台，虎爷企图要	抓我，但我却安然无恙因为老虎是被关在桌下。走到神台的中间时，桌上的猫开始浮躁，尤其是左边的一只黑猫，梦里的我感觉得到它想要扑向我，但被我喝令住而不敢前进。然后我就很平静的从神台的后右方走下去了。虽然老虎和黑猫都想攻击我，但老虎被关着，黑猫被我喝着，所以我安然无恙，毫发无损。梦里的我，心理不安，觉得有什么脏东西冒犯了神，本想在庙里的问卜摊问个究竟，但没有，因为觉得那些不可靠。于是在梦里GOOGLE了一下，发现原来是因为我咖啡喝多了，咖啡让那些动物不安。然后我就醒了。在梦里，我确实是喝了几杯咖啡，现实生活也如此。醒来后GOOGLE了一下，发现当天是正月23日，癸巳年，甲寅月，己巳日，甲寅月的最后一天。也发现月或日如有“寅”的话有特别意义。很碰巧的今年的惊蛰日竟然是我做梦的隔一天（即正月24日)。小时候常常和父母去拜虎爷，但长大后就不曾去拜，相隔已有20-30年左右。在此请各位高人赐教！,8
梦见我和几个同学在游泳，然后河里还有好多村民的孩子，过一会我们上岸了，我对象告诉我说你看河里有鳄鱼，然后我们好多人趴桥上看，让河里的小孩快上来，河里的小孩上来的时候一个小孩被鳄鱼大嘴一张吃掉了。,10
梦见在老家房子里的火炕上，有人对我喊新兵站到后面，而弟弟才是新兵，我犹豫了一下站在了后面，那人这时发现自己搞错了！炕边上摆着桌子，有人坐在炕边吃饭，我和弟弟在炕上做着俯卧撑，我做的快些，做着做着右手下就有点发空，我动了动，发现炕塌了一条，想起是昨天晚上三叔睡的位置，他刚起来还没来得急修，我好像又做了两下，这回我这边塌了好大一片，我顺着没塌,8
我在大海了航行，我坐在船尾，大船进水了，我于是往船头走 最后坐在了船头上，好像船还有点朝尾部倾斜。 后来我和一些人去一个挺大的地方吃自助餐，饭有特色还好吃，还梦见已故的同事和他爸爸吃自助餐。,14
梦见金蛇出洞，还被其他毒蛇咬了脚，回到自己上班的医院，没有人会治疗，后来回家乡了，有个老人家帮我治疗，在家乡的家里还梦见了我死去的爸爸和现在患有癌症的爸爸的旧同事。,20
梦见姥姥去世了 后来不知道怎么和父亲一起赌钱赢了  然后又和母亲一起和父亲有吵有打 在旁边的人说我连父亲都打  后来我对父母说就当没有生我这个儿子  母亲拦住了我    这是什么意思,32
梦见前一任男友带我去市场买海鲜给我，去到海鲜摊位跟老板称海鲜老板不用电子称，偏偏拿个很小圆圆的称来称，老板跟我们说了多少钱，我跟前男友说很贵不如不要了，前男友说没事就买吧,8
我和朋友一起去玩听着音乐，以为别人家结婚，后来看见原来是丧事我和他说我猜中了是丧事，后来我又说你耳朵怎么打打耳钉他说我把他耳朵打的动,21
梦到跟男友（这男的我不认识 ，我还没男朋友）在一起，妈妈在另一个小屋，后来男朋友的爸爸回来了。他不同意我们俩在一起要赶我走，我让妈妈先走，我帮妈妈收拾东西，谁知在外面男朋友的爸爸找了一帮打手，每人手里都拿着甘蔗，把我妈妈打的头破血流，之后我很着急抢了一根甘蔗就朝那群人打，之后就记不太清了。最近也有点不顺。希望大师帮忙解下， 谢谢了。,9
梦见在一个悬崖上（高处的练习场），大家都能从高处急速跳下，然后踩着风弹起，好像有大师也让我跟着做，我不敢。于是只是在旁边的小坡上练习，但是不得要领，反复练习 总觉得每次都是从高的地方跳下，很重的落地，不能体会中心挪在脚尖上 跳下后弹起的感觉。。,14
梦到自己和女友结婚呢，看到自己的女友再和自己的朋友接吻。请问是什么情况，预示什么？请大师解答，谢谢,9
梦我和孩子还有一亲人在水里水不知不觉中就要到我们脖子上了，我不知道是什么意思。还有梦见我妈走丢了，我就找啊找，怎么也找不到。,10
    在逃亡路上护卫为了保护我死了，我跌落悬崖被峭壁上的树拦住，得以活命，那是一个小山谷，我在那个山谷中解开了至宝的秘密练成了绝世神功，再次回到外界,14
梦见要去修牙但是没修上我看见我的牙有可大的一个洞了 想去修结果跑去玩了 想第二天修但是第二天要考试没时间,14
梦见自己踩自行车去学校然后路上车坏了去修然后自己莫名其妙的什么都看不见！最后到处找水！然后站在一家店门口我想了我不是在睡觉？我要挣开！之后竭力去做最后醒了！,27
梦见我在家里，感觉到外面有潮水声，打开前面窗子一看，前方不远处，潮水在涌过来，。又走到后面，打开后窗看到一些人穿着背心在下面坐着，也有一部分人在骑车，地上有水淹过的痕迹，还多出了一座山在边上。然后，我把窗关上，想上阁楼拿救生的东西绑身上。上了楼，进了房间，看到外公的床，就让外公救我，然后一只大手伸了出来，突然我想到外公已经过世了，感觉不对，然而我的手已被抓住，我就和他搏斗，但看不清人。我喊叫着，天主啊，保佑啊之类的话，但挣脱不了，这时，我手机响了，把我弄醒了。（我家是住在上海的，没有山，外公前几年过世了，他不住我家）,10
一条大蛇准备咬我，被我躲过去了。然后我跑到家里，大蛇跑过去把我家人全杀了，后来变成一个男人用钢叉把我盯在墙上，说我命中该死，但是我躲过去了，现在害的家人陪我一起死。,9
梦见放在发小的一包金元宝和发小的所有东西东西一起给偷光！这意味着什么呢？高人解答！,9
梦见老婆有了外遇，我就把她推下了水想把她淹死，在水里面使劲把她往水里面压，旁边还有不认识的人帮我把她往下压。,10
梦见去北京，在四合院 或者在楼旁，墙上有爬山虎，枯萎了 我记得好像是把它砍了，看到了葡萄架，树有一个成人的腰那么的粗，还有三只青蛙很大，有一只白的青蛙最大比狗还大，一只红的小一些，一只黑色的青蛙了很大，黑色青蛙和红色青蛙在墙上，黑色青蛙用舌头把红青蛙卷上去吃了，把白色的也吃了，黑色的咬了我的的脚指头，我把它踢开了。——————我是一个已婚男人，两个女儿，这个梦在事业和爱情上有什么征兆啊？,37
大师你好，我这个梦有些长·请你谅解，我觉得这梦说明什么意义。 今天睡梦中，我梦到我一朋友在打一个男孩子，是经常打他，梦中我好远都可以听到我朋友用脚踢那男的胸部的咚咚声，可墙壁挡着我，我过不去，之后我看到那男孩胸部被打的好大好大，看起来人也比以前懂事成熟了，他一直用不一样的眼光盯着我还有欺负他的那人看，看起来给人的感觉是要出事，结果这男孩请了一个年龄大约24岁左右的男孩子来找我还有我朋友一起玩，那男的说你朋友欺负他了？我说不知道，这男的就来了句你们两个都是存心玩弄他的，我冤枉， 我说我没有，这时候这男的就拿了一把砍刀出来，我就发火了，说谁没在外面混过？我怕你那几刀不成？然后我就把刀抢过来了，这男的就开始怕了，后面他走我家另外个屋子又拿了一把刀，我和他拼了几下，他说他不闹了，我就出去了一会而已，在外面我朋友找到我，他手里拿着自己的眼珠子，直接安装到自己眼睛里面，鼻子的皮他用手把他又放好，我看后很生气我说是不是那男的干的，我朋友说是啊，我就拿着到去我家找那男的，因为不知道怎么回事就在我家里了，找到那男的之后，那男的什么都没说，坐那里·要我拿刀把他眼珠子和鼻子割了，我什么都没说直接拿刀插他眼睛里面把他眼珠子扣出来了，又把他鼻子割了，我就出去了，我别的朋友知道了此事，这时候看到被我害的人·还有被我朋友打的那男的去他们亲戚家了，我另外朋友就说把你家门锁了吧，免得他们破坏你家，我就回去锁，可是锁坏了，我就骑自行车去买锁，结果去干活的田地里面看到我爸爸妈妈他们我就过去了，我问候两句就骑着车子回家，刚下去一下下，就发现几个人沖我笑，好凄惨啊，我吓得又回来我爸这边，我爸他们自然和我一起走，他们看到这么多鬼·有的像僵尸·有的像恐怖片里面的鬼，也吓的不行，最后觉得好不容易快走回去了，碰到一个鬼，是我们都认识的一个村里人，我们以为他看不到我们，谁知道他看得到我们，还把我们提的呆子都打翻。看里面有什么东西，好像就是在抢东西一样，结果什么都没要，就拿走了几个帽子，还是在路边的，也不是我们的，我就骑着自行车想赶快回去，结果又碰到一个鬼，他把天变黑，想很多鬼围我们，我拼命的骑着自行车追白天，终于追到白天了，他就用一米多高的木头，木头前面有钢针，扔出去，然后念咒语，其实，我总感觉这东西我有种很熟悉的感觉，那些木头走我后面反攻过来要扎破我自行车的轮胎，就这样反反复复我躲过了5 6次，我说好话别在弄我了，我回家真有急事，他才说，那好吧，你记得下次在来找我玩，我当时只是想着快点结束掉，我就答应他说好，下次一定在找你玩，他说，你若不找我玩，我就去找｛我某个朋友的名字) 他的老婆，在找到你，因为我是他老婆的弟弟，我的天啊，我那朋友的老婆我从来没见过面，我和他嘴上说的那个朋友也是只有一面之缘而已，这梦说明了什么？我被吓醒的，到现在全是还是凉飕飕的，好可怕啊。求大师解读。,13
"我梦见,我的男朋友, 因为在浴池抽烟,点着了浴池的包房, 被人追杀, 然后他要跟我分手, 同时他的身边还有一个女人, 那个女人一看就不是好人,有纹身, 还吸毒, 我不同意跟他分手, 因为后边有人追, 然后我们三个就逃跑, 然后接到一个消息,说要去浴池的楼上, 找一个人, 这个人会保护我们, 结果我们刚刚上去, 警察就来了, 警察也要抓我们, 然后我就躲在了 一个椅子后边, 他俩就不知道去了什么地方, 这个时候, 我的身边就有一个女人跟我说话, (我原来是学舞蹈的) 这个女人跟我说, 你现在还能下去竖叉吗, 我说 下不去. 她说 你能, 你试试, 然后我一试 真的下去了. 这个时候, 就发现, 外边有很大的动静, 我躲在椅子后边, 往窗外看, 看到很多的车,车上拉了很多金黄色的大便 得有十多辆车吧 把大便都拉走了 然后车走之后, 路上一百多米, 全是大便 满地的大便, 对面窗户上还有个女人 她满身都是大便 后来听说是 浴池的厕所堵了 才用车把大便都拉走的",32
母亲上月20日去世，心情非常悲哀、失落孤独寂寞，头痛头晕脑胀，运气很差、工作很不顺利，本周准备和别人签订生意上的合作合同，昨晚我梦见了和我亲弟弟性交，被我父亲推门进方看到了，今天睡醒后这个梦还是非常清晰，记忆犹新。此梦预示什么？请大师指点迷津，谢谢大师！,27
昨晚做梦梦见自己和别人打麻将，第二天我们一伙人就去了一个地方游玩，那个地方很美很古老，但是过会就接到电话说其中一个和昨晚和我们打麻将的人死了，我们就商量着去看他，于是到了医院后他的妻子就领着我们去了太平间，我还记得当时下了地下室后走的路是弯弯曲曲的，拐了好几次到了，看见地下放了很多尸体。他的尸体放在里面的屋子，说是要一个人一个人进去，我当时很害怕不敢看尸体，但是我撇了下放在我旁边的尸体，我妈妈还和我说，该你了，我都去看了，不用怕，没什么的。。。我就被电话吵醒了，大师，请问这个梦是什么意思？,24
梦见大牙松了（大牙本身就坏了），意识控制自己不要去搞它，不要让它掉了，日后会慢慢长回来的，但事与愿违，最终还是掉出来了，拿在手上一看，是颗金牙，下面还有两个牙脚，带一点血。大师，帮我解下好吗？,14
"请问梦见 一大家人回到了祖屋，雨很大，屋里到处漏雨有些破旧。还有2个死去的亲人，还与他们说了话，死去的爷爷腿没有了,我问他怎么了，他说前段时间做了手术，没什么事。 还有以前祖屋喂的猫，生了个小猫。预示着什么？",14
梦见自己捡了一块牌匾，就去挂在庙里的牌坊上，然后抹干凈了。就看到我的一对刚刚结婚的夫妻同事。然后就看到远处的光秃秃的树林和天上太阳升起来了。笑了起来。觉得很美很难得。。同事在旁边说:我们刚刚看了，回来。,7
我梦见和我表弟在一起，他由于尿急就尿在一个矿泉水瓶里，后来我感觉口渴拿起就喝，感觉是尿又吐出来，,17
梦见在公司上班，好像是晚上，下牙齿要掉了，就一个牙，然后掉下来一块有血，嘴里不舒服，用牙磨磨又掉下来一块，不过口里的牙还有根，没全掉下来。因为之前梦见过掉牙然后有亲人去世了，所以很害怕，希望大师给解解,14
梦到别人开车撞人肠子都出来了还有血，司机竟然不知道，别人告诉他他还笑，被撞的那个人还起来把肠子拿起了看,9
梦见和朋友走在路上，看到前方一个斜坡涨水，工人在抬铁板，右手边是条河，右后方也有一块铁板，突然间这个铁板往下陷，河水没有了，涨的水也没有了，工人弄的铁板也在往下陷，接着路面开始分裂塌陷，我和朋友愣了下，旁边的商铺倒是没事，我推了朋友一把到商铺，自己差点陷下去，还好脚踩了下。大家都躲进商店，看到眼前刚还走过的地方都塌陷了。大家就在商店里等待,17
 昨晚我梦见跟我分手后的女朋友回来到我身边。躺在我的床上，她心情不好好像是回来找我呵护的。但是我没有理她。那时候心里想着她离开我的气。后来他现在的男朋友来了。好像是她在我以前的那个男朋友 。对她不好。进来就打她 叫她回去。不过在打她的时候我没有站出来帮忙。心里想着既然已经分手了就不关我的事了的矛盾心里。最后女友什么话也没有说就自己默默的离开了。那个打他的男人也走了 。慢慢的我也醒了。,8
 我梦见女友被劫持，地点有点像我小时候经历过的地方。梦里感觉自己很厉害。会飞。一直跟到关女友的地方。是一个两层楼的建筑。但是我到了哪里好像又有点徘徊，不知道是不是怕了 。貌似那时也变的不厉害了。感觉自己飞不起来。但是总觉的自己还是会飞的。最后女友没有救出。有点自责后来就醒了。,13
烦请各位大师，朋友帮解解这个梦：也想遇到有缘人：谢谢！昨天晚上梦到我不知道怎么睡在地上，有头牛向我走来，走到我身边我好害怕，我拼命喊我老公，我老公带着耳机，听不到我讲话，我很怕这个牛，它懂我的意思，没有伤害到我，小心地移动一只只的脚，然后就不知道怎么了。,7
晚上睡觉梦见不知道是人还是鬼压着我，好像有块大石头一下子翻过来压在自己身上，吓醒了，开灯睡觉，一夜睡的都不踏实，半睡半醒似的，早上起来特别疲劳累这是为什么，是不是有什么事情,7
梦见自己是猎人，住在大山深处的小村庄里。有天夜里几只狼前来骚扰，打死一只其它跑了，白天又是同样几只狼来蹲点堵我，又是打死一只其它跑散了没理会，持续几天，后狼来得比较鑫=多，一个人拿猎枪与狼群斡旋激战，杀狼无数，场面激烈啊！后子弹不够打了被群狼穷追复仇，众寡悬殊，战斗情景惊心动魄以至惊醒啊！这觉睡的，好累好累,9
第一个是7天前做的梦，梦到一栋楼（是一个单元的）墙壁都坍塌了，很干净的就只有框架了，梦中记不清楚是地震还怎么的第二个梦是昨天晚上，梦到我父亲得癌症了，我还告诉我爸尽量不化疗，那样危害更大，然后住院期间感觉是很快就突然快去世了，我在外边帮忙好象是谁家的女儿要结婚，就是感觉回去也晚了，不能见我父亲最后一面 特别痛苦我父亲身体还算健康，求老师解惑,16
我昨晚梦见我们在跑，身后有越来越多的水追赶过来，然后我们都跑出来了，但有一个阿姨为把别人推上去，自己被水给淹死了，我硬是把那个阿姨拉了上来，想救他，但她似乎还是被淹死了。请问这个梦是什么意思啊 ？如果不好，有什么办法破解没？,19
梦见不知道从嘴里出来个什么，是右边两颗大槽牙松动，后来自己感觉难受就拔了下来，同时还带出来好多比牙小的白色的东西，还流血了，这代表什么呀，求速解，谢谢,14
"您好，这个梦是没睡好早上8,9点做的，不知道准不准，梦见说很多朋友一起，说不能使劲鼓耳膜，我就试试，像耳鸣一样，然后我就感觉耳朵确实流血了，我看到镜子，一小股血流下来，很多朋友配着我，我还觉得嘴干的什么都吐不出，早上醒后嘴巴确实比较干，不知道是不是因为没睡好，因为知道耳朵流血不好，特意来问问，这个时间做的梦准不准",21
经常会梦见已故多年的奶奶，另外昨天还梦见她把家里的房子卖了，我大哭一场，哭的很伤心。是怎么回事？求解,13
 昨晚梦见一个很诡异的梦。梦中在一个黑暗的空场，像废弃的工厂，我和一个女人好像要做爱，做一半别的人要一起做，越来越多，有10几人，后来我的车灯照到那女，人影照在墙上，就是没有那女的影子，我叫了一声，说，鬼啊，其他人吓了一跳，都散开了，我们去找了一个地方躲起来，其实梦境中出现很多地方，后来总是被骚扰。梦中过了一天，很清晰，堂姐送我一个戒指叫（破军），戴在食指上，再后来我和一个不认识的人躺在像学校的地方，不知道为什么事情。躺在草地上隐蔽。老师开会后从我们身边经过。有三十几人，很多人看到我们两个，我有和他们目光接触。很恐怖的眼神。但是没抓我，那个和我躲在草里的人被叫去了，走在草地上就被杀了。很多人用枪射杀。我手上提着手提公文包，是的，里面装着狐妖，白色的。没打开但我知道是白色的，很奇怪。我在里面放了一张符，朋友也放进一张红色的符文。那只狐妖总是乱动，我把包砸在地上几次。他越来越大。后来远方发出一点声音，我看了一下。公文包 被打开，狐妖逃走了。再过一天我去登山，看见一只鸡，狗，还有一只动物，在倒着走山沟。，再过一天我们见我去买东西祭拜，后来摔坏了，与店家发生争执，我打了店家，我弟弟，还有朋友很害怕，我们跑了出来，经过一个佛庙。很多人在跪拜，我们很害怕，像是杀了人的感觉，但是没有，有两个人追出来，一个是店主，一个是他的朋友，我们都在跪拜佛祖。还打赌说，我如果点着香，他就放了我。结果我点着了。,35
经常梦见前几个月因病去逝的父亲，梦见的都是生病住院的情景，但梦到的父亲精神状态都很好，不像是有病的样子，父亲也没有抱怨过身体有何不舒服。,13
地点好象不是很清晰，我妈妈在，我爸爸好象开始不在。梦见五叔叔和我家吵架，说我二婶子出走怪我家，然后我就质问他 你是不是打她了，我心里想这才是原因。小叔叔说那时年轻气盛，但是好象就没有看见说是他们自己的错，妈妈也在质问他 很生气，然后就没有梦见五叔叔了，妈妈摔倒了，但是地上有一点点血，不知道是妈妈流的还是我在的，我心里想是我自己流的，怕妈妈担心没有告诉她 她好象也没有发现那一点点血，这时候爸爸和我一起把妈妈搀到床上，在搀的过程中我吐了一次血，然后我和我爸爸一起离开床边的时候 我吐了好多血，地上有一大滩血，爸爸看见了我吐学 但是没有说话 ，然后感觉自己生命快到尽头了 就把属于自己的财产留给爸妈，只给很少给孩子 老婆好象没有给，因为她有自己的那份，在梦里自己很坦然，好象知道这个事情是必然，现实中我有乙肝,7
连续两天梦见父亲伤心第一天是：梦见父亲在外公（已故）的忌日还是葬礼上（一个意念模糊了），父亲穿了个很白很白的麻衣很生气，理由是别人打牌赢钱啦，给旁边的人分红就是没有给他分。还有一个熟人死了第二天是：梦很短，就是梦见熟人（和第一天一样）跳楼死了，也梦见父亲也一样，但是没有跳成，被妈妈姐姐和我叫下来了，他跳楼理由是赌博输了钱，没有钱还啦这两天的梦把我惊醒，我很爱我的家人求哪位好心大师好好帮我解解,9
梦见白色棺材里有口吐白沫的人，还没有死，说是我帮助别人害的，求我别在帮别人害人了，然后我就吓死了，那个人应该是个侦探家,23
梦见自己杀了大胖小子，他的名字叫：于大鹏，杀死后他又活了，我都死这么多年了我还怕你，你是杀不死我的。,9
梦到别人为自己穿孝，但不是白色的衣衫，而是那种纱材料的孝服，有黑色的蕾丝边，另外头上戴的不是麻，而是类似藤制的植物，有树叶，挺好看的，另外树条上还有果实,14
做梦梦到回家过年，和梦里的男朋友（他是我的好朋友，他说过他喜欢我，但我是有男朋友的）一起去我亲戚家过年。先是我自己去亲戚家，还差点走迷路了，后来又和梦里的男朋友去我亲戚家过年。我们还接吻了。,10
晚上睡觉梦见了自己的孩子（女孩）死了，只剩下头和手脚，并且还不小心吃了孩子的肉，发现后呕吐不止；希望大师给解解，最近经常做一些不好的梦，在这里谢谢了。,16
好像是跟现在的一个同事朋友回到以前的大学了，是想一起去见以前的好朋友小董，结果小董说我平常跟她联系太少了不理她，所以生我的气，不理我了，结果一转眼从窗户里看见楼下有个低年级的学弟在等她，之后两个人就一起走了。梦里面的心情很低落，有点莫名其妙的感觉，谢谢！,9
白天梦见老公从六楼摔下：楼没有护栏，老公他不小心从六楼摔下，摔到一楼第一个梯子上，出了一点血，生死不明。当时有一朋友夫妇、我、我儿子在旁边，我抱着老公很着急、也很伤心，很着急的要他们打120.然后吓醒了。,9
我梦见自己的牙不停的掉，牙床红肿的牙齿就掉，然后也会长出新牙，然后嘴角长了不少胧颗颗，碰上药一挤破就有一条条像蛆一样的虫子出来，然后掐死，牙也不红肿也不掉牙了。,14
下午睡觉梦见我丈夫和前女友拉手一起走被我发现，于是我就咬我丈夫的后背，这时一只彩色的鸟飞来，飞到我的手上，我就把它捉住后往屋里走。来电话把我吵醒了。,9
昨晚做梦梦见一条黑色的毒蛇将我的手臂咬了，然后手臂变成青色，于是我就去医院治疗，医生说要抽血打针，后来不知道怎么又带上提前准备的作弊小抄到了田野里考试，考卷也着火了，卷子被烧到剩下一半，后来又梦到卷子下面有各种好吃的佳肴，求解,15
昨晚梦见和几个朋友行走，我抬头望蓝色的天空时，朋友没等我先走了，只剩下我和一位朋友，我在前他在后，望着空中飞行的飞机，看着看着飞机突然直线掉落地面，在掉落地面时变成一只白色大鸟，当时我很惊讶，开始我以为是老鹰，在我面前飞来飞去，我很害怕，到最后鸟终于落在高地上，我一看是一只很慈祥的大白鸟，看样子很漂亮一点也不想老鹰，看着看着大鸟飞起飞到进出的丛林路过一块土地，地里有花有草很美观，鸟看不见了突然花草中群蝶飞舞往我我这边飞，当时我换让大悟，在梦中说这是好兆头，是好事，我就跟我的领导说公司生意一定会好会火的，地点在我山西老家上小学的村里。请大师帮我看看，谢谢，本人有点迷茫,13
梦见进入初中的同学家里，那个女孩一直都非常漂亮，但其实我和她的关系并不亲密，而且许多年不曾联系。进去的是一个非常漂亮的别墅，里面还有一个非常精致的小教堂。,8
昨晚梦见：在一个有山有树有水田的地方，之前经过时看见了一个很大的蛇尾巴，知道那有一条很大的蛇，但再次经过时，这条蛇已经死了躺在水田中，很大很长，那曲线特别像一条美人鱼的样子，颜色是一般蛇的颜色，青黑色。我本来很怕蛇的，但梦里我不怕。请大师解解。,14
梦见别淹死的陌生人刚沉下去又上来，而且是两个人了，一个是人一个是鬼魂，而且那个陌生人还是女的，穿着红衣服，奇怪的是我梦见我男友就站在那个水池旁边，而且看见那个女的淹死了他还在笑，而且是很可怕的笑，醒来以后我还觉得那个女的好像是我，但是觉得长得又不像自己，这是什么梦呢？预示着什么,10
梦见坏牙掉了。怎么回事，求大师。。。（ 我牙齿都挺好，就下牙里面有一颗坏牙掉了，而且还出血了 ）然后我拿着牙，那牙特别长特别尖。 把牙给我老公了。 然后问他扔哪里好， 求大师解,14
今天早上7时左右，梦见听到窗外下雨，梦中我立即开窗收老公晒的床上用品，但是我们夫妇用的那条旧草席，突然从晒杆上被狂风大雨刮下楼，破散了。我将另一条旧棉花袋往窗内收回，很吃力，非常难拉，当我使劲拉回时，这条旧棉花袋竟然变成一条不太旧的草席了，以前我家没有这草席。接着后面的梦是，我因为学习任务完不成，很悲伤在向老师和同学们解释说，大脑被撞伤后静不下来学习等等。接着梦见一男同学把一关于我学习的情况资料放我口袋，还温柔地、细心地帮我钮上我平时敞开的黑外套的钮扣。,14
昨天白天下了一天雨，晚上下的更大，今天下午我要出差，结果昨天晚上做了这样一个梦，不知是否跟我这次出差谈合同有关：我梦见我在一个陌生地方寻找挣钱的门路，结果下起了大雨，雨一直下，泥石流，洪水爆发，简直像世界末日，水都淹没到人胸口了，好容易找个山洞能躲藏，结果水一直在涨，最后冲进山洞把很多人都淹没了，我被一个女的拉住了手，躲过了这一难，她说她无家可归，这里只剩了她和她的随从，我说你救了我，我会当你是妹妹一样的亲人，相信我妻子和家人也会善待你，就带这她和她的随从回家了，但是路途太远了，几经波折，才到了西安东郊，见到了我哥哥（姨妈的儿子），结果他家因为灾难就剩他一个了，如此落魄还给了我一笔钱让我坐车回家，回到家里，我发现老丈人在一辆新的大东风半挂车上坐着，小舅子说是我媳妇买的，我去问我媳妇买这个干什么，她说没啃声，我越问越急，就此争吵起来，他就进了我们家门，但一开门，怎么全是她娘家人，我非常生气简直当我死了，这时就我和救我的那个女的还有随从在大街上，此刻她和她的随从突然摇身一边，变的像天仙一样，她的随从像个武士，半悬在空中，指了下我，从我身上竟然出了一个样子跟我一模一样的金甲武士，也跟她悬在了空中，她说她是龙女，我已惊讶，你是龙女？我见到了龙女？结果就醒了，不知道这个梦是有寓意的还是胡乱做梦呢，不知是吉是凶，还请大师解下。,14
几年 总做一个梦，？我梦见夜里从梦中醒来去开家里的灯，不是灯光微闪要熄灭，就是根本打不开。然后看自己家的防盗门总是开着。然后就会在梦里醒来心砰砰直跳，有时会有反复两次次才醒来。这是为何呢？,7
梦见自己结婚了，结婚对象不是我现在的女朋友，没有看到婚庆。只看到结婚证，她1988年的 比我大一岁。然后见到我现任女友，她很伤心。 说每天都会去看我、,9
 昨天晚上梦见了掉左上边的大牙，掉了好几颗，还流了好多血，而且还是在姥姥家一个荒芜的院子里，还梦见了去给每家每户送对联。,14
大师你好，昨晚做了个怪梦，梦中在公司厕所里，厕所前边有个小水坑大概有20公分深左右，我刚小便完站在马桶边上。这时一个不认识的男士30岁左右来大便，他直接蹲在水里屁股朝我，突然他屁股微微抬起一声震天雷鸣声中夹杂这大便一阵阵劈头盖脸向我喷来，后果自然是他喷的我全身上下都是。当时看他极力在忍好像怎么也停不下，最后他干脆一怒之下提起裤子不拉了。我当时在想算了他也不是故意的拉肚子没忍住吗，所以也没生气。就自己在边上把脸洗干净，顺手一摸脑袋上边也都是屎。然后就醒了。。。请大师帮忙解梦，万分感谢！,13
我跟我的男朋友在一个床上 然后我问他你跟我姐（一个姑姑家的姐不是亲的姐）做爱了么 他说做了 然后我就哭了 边哭边打他 然后他说是我叫我陪我姐睡觉的 还说做了还不好怀孕了还要给一百块钱,9
梦见一棵树围的一堆人，树周围滴了半圈血，有一个人在滴血，最后人都走了，发现自已身上被滴了一滴血，正要走的时候有一个人跑过来往我手上抹了一点黑。梦里感觉他们都是本地人，就我一个外地人，感觉很孤立。,9
学校准备考试，邻近考试时间的时候几个朋友都拿出自己的礼服，只有我没有，就问她们为什么不告诉我，她们却说没有义务要跟我说这些，她们就去练习，我就着急的找可以穿的衣服，快哭的时候有个男生安慰我没事，后来我就去考试，考试的结果记不清楚了,9
今天早上九点多梦见老公当着我的面站在那里抱着我一个女同学的腰还在那里笑，最后我看不下去我就走了，然后他带着我的那个女同学也走了，然后我就在电脑上写怀念我以前的男朋友，心里也觉得老公不好，然后老公回来了，我就找他吵，然后我又告诉我的家人了，我爸妈就很不好语气的说他，他都不理，最后我说不是我，他可能饭都没得吃，说他没用，他就拉着我出去说，我即使眼睛瞎了我也能轻于的打开那个门，我老公他就有布蒙上自己的眼睛朝一个木门走去，真的轻于的打开了，我看到没话说就走了，然后我又梦见我跟我的另一个很好的女同学去散心逛街。,9
我梦见那个洗衣机像我们学校的暖气一样，上面还放着洗衣篮，一个女的像是刚睡醒，走路摇摇晃晃的，不知怎么的摔了，头进了洗衣机，洗衣机就这么开始转动，把她的头绞烂了，我能听见那个女人的一声闷哼，然后头就烂了，血和碎屑流了一地，还看到半个脑子,9
梦见在水里被4条大蛇追，我和一个人做一条小舟。边上还有2个人同坐一条小舟。把身边的人都咬啦就剩下我一个人在一条小舟上，被吞的人鲜血直流。,10
我的男友出了点事，暂时回不来，我却梦到他给我打电话，来电显示是个刑，我却不认识这个刑，然后他跟我说分手，之后我就很难过也很害怕，就大师点解点解,9
昨晚梦见两个很久不见的朋友骑车送我去车站坐车回家，快到车站的时候路被很多木材挡住了，边上一个男孩在烧火，感觉火越来越大，后来我们走了不知道扑灭没，到了车站买完票才发现我的包放在来时骑的车上忘拿了，,7
我记得一共有3只大蟒蛇，还有火车，前面的2条死了，后来又出现一条，那条大蟒蛇嘴巴张的好大，一直追我，我好害怕，我一头钻进了河里，并且屏住呼吸，后来我憋醒了,19
梦到我回到小时候居住过的家，回来取东西，里面住着别的人，乱动我的东西，我跟他吵起来，他打我，但我没有出血，我假装害怕，准备跑出去，他放狗追我，然后我踩到了屎，我把鞋扔了，可是袜子上也有，现实,13
梦见在外旅游和几个姐，姐夫一起。核弹爆炸，我身披白布到处躲避，又见同事因偷窃被捕，我因是在国外语言不通不知自己身在何处，后被告知在波兰，因语言及钱的问题打电话告诉在家里的老婆没成功。,9
我今年高三 昨天省里组织的一次适应性考试刚考完。我昨天梦到我骑车子上学，看到有一个圆圆的陨石从天而降，拖着一条淡灰色尾巴，我旁边的人和我吵架，她用指甲掐我的右胳膊，有指甲印，而且破了出血，血不多 后来她又和我道歉,15
梦见鬼抬轿。有几个黑衣人抬着一个白轿子里面点着腊烛还有个神像什么的，我在河边洗衣服一转眼就把我抬上轿了,19
梦里说我去给他家做孩子了，完了以后他们一家四口带上我晚上都睡在一张大床上，次日醒来，邻居的两个孩子和孩子的爸爸都死了。女主人还在纠结家里太穷了，连一口气做三口棺材的木板都没有。梦里也没见到棺材，也没见到后来死人的尸体。当时梦里我还心想，以后我结婚了得对这个女主人好点，她家里死了这么多人，以后她就无依无靠的了。,9
昨晚梦见老公一共娶了三房太太，而我竟然是二房。大太太模糊了，老公比较宠我和三太太，貌似大太太看着比较小，三太太看着比较丑、比较老。平时我喜欢买首饰，我算是家里掌柜的，三太太最喜欢买衣服，但是也只喜欢买衣服打扮自己，别的事情不多管。前些天老公才给我买了一件金饰品，后来三太太撒娇说她要买漂亮的衣服，这衣服比我的首饰还贵，我就不高兴了，我追着老公说，你给她买件衣服就那么贵？给我买的首饰，如果咱家遇到难处了，还可以变卖抵挡一下家用，拿衣服能卖吗？买那么贵的干什么？你不可以给她买！老公就生气了，对我说，那只准给你买，不能给别人买？你也太霸道了吧，我偏要给她买。我俩就吵了一架！    后面买东西这些，很清晰！求大师妙解,9
做梦 梦见我跟男友出去玩 中途 他好像是去买什么了 还是干嘛 我就在车里等他 无聊我就玩手机 好奇心 就去翻他的QQ聊天记录 结果就看看见他跟他最好的朋友的聊天记录（男的），他跟他朋友说 他把以前认识的一个女的肚子搞大了 现在要回来找他 问他朋友怎么办 他朋友说 让他自己看着办 还说我是一个不错的女孩 然后他就说 他不想告诉我 也不打算告诉我 就先这么瞒着我 接着我看到这就已经傻眼了 梦里我当时就特别的揪心 我该不该揭穿他 我想先背着他去找那个女的 但是又想先问他为什么不告诉我 最后我就在这种纠结中醒了  当时心里特别的乱,9
我梦见在路中间有一只走丢的白色小狗，很胖，有背带，有一对情侣在试图靠近它想把它带离路中间，但是小狗很害怕一直警惕的趴着，好像还咬了一口那个男的，没有流血只是牙印，我看不下去，上前一把抱住小狗，也被咬了一口，也是只有牙印没流血，小狗也感觉到我的善意，乖乖的让我抱着，我仔细一看，居然是一只小斗牛犬，软软的很可爱，就是有点脏，那对情侣居然是我的,20
梦见鬼压床，然后被一个男鬼掐脖子，被一个女鬼咬，挣扎着起床，醒过来后开灯，灯开不了，开门从房间里出来，等还是开不了，看见电脑的屏幕开着，好像家里那两只鬼在追我，我就跑到父母的房间去，老爸老妈起床开灯，灯开得了，老妈就说都是针对我的，突然我就记起我家后面的楼梯下我上次好像把别人的骨灰洒了一点，然后就和老爸下去找吗，找不到，老爸就把墙给拆了，把地挖起来，然后我就回房间，突然就醒了，可是在梦中我还以为我醒了才走出房间的。,7
有些模糊了，开始我娶了个媳妇但没结婚，梦见和她上床做爱，她看起来不胖我却很难抱动她。梦里我们家有爸爸爷爷加我媳妇，妈妈是4年前去世。后来有一次饭局都喝多了，就这时我有个师傅带我爸爸出去有事…后来听师傅说爸爸死了，是为了救掉水的人淹死的。可我不信，我哭的很心疼。后来爸爸的灵魂回来了，像以前一样生活，他告诉我他是被师傅等仇家暗算的，我爸爸本来当,29
凌晨梦见和弟弟聊天，聊着聊着就看了下时钟，发现上课快迟到，然后走进卫生间看见一只白色很肥的小狗，我弟说是我们家的，（但是我家狗是黑色的），我妈还说我不在的时候弟弟把它养的很好。路上我看见路两边的树开花了，右边房子的屋顶上有一女人在给人示范瑜伽，之后屋顶塌了，女人掉下去了，经过那女人的家时，那女人被她的学徒围着看她有没有受伤，然后她说：“这,32
"梦见母亲站在高高的梦见母亲跳悬崖边,突然跳下悬崖,可奇怪的是她落下悬崖后,躺在一块大石头上,悠然自得,一点没受伤,起来与正常人一样",14
梦见被子里有只小白鼠先咬了我脚趾头一下，我打了它一下，它又扑过来咬了我一下，我就把白鼠包在被子里扔到房间外的角落里，然后叫我前夫帮我打死小白鼠，但是他怎么也打不到白鼠，最后白鼠跑掉了。,20
梦见火烧的很大，是在一大片楼区，但是楼方没有倒塌，所有的人都到处跑寻找出路，但是跑不出去，只有我一个人跑了出去，但是我也受伤了,7
梦见与自己相爱的男友，突然间变成有家世的人（男友是我同学也就24岁），我连小三都不是而是小四。我很伤心，但我怀了他的孩子，我说不爱我就放我走吧。不知怎么的他好象又成皇帝，他硬是不让我走。他说男人三妻四妾是很正常的。我就一直跟他冷战！不知道是不是宫斗戏看多了。,9
我是一个建材公司的男业务员，昨夜做了个很特别的梦，请大师给解说下，是这样的，我梦见自己站在很高的楼里，面前是电梯，背后也是电梯，整个楼房都以黑金属色布局，非常恐怖，从我站的地方往下望，就像无底洞一样，我非常害怕，怕摔下去，就想坐电梯下去，可跑到这个电梯就刚好下去了，看对面电梯上来，跑过去又没赶上，正在无奈时，左边出现了个楼梯，我顺着楼梯下了一层，遇见了一个女孩，感觉似乎是朋友，可我又想不起来再哪认识过或见过，她跟我谈笑后一起去见了一个男考官，他提问一些问题，女孩回答不上来，我回答了，印象中说过1755年出生，叱咤风云十余年，之后让我单独通关了，我一个走过去，在一条非常恐怖的黑色小径上独走，两边的树木都枯萎了，非常恐怖，走着走着，一个身穿铠甲的男人盘坐在路中间，当我走过去，他站起来挡住我，从他身体内部逼出一个金光闪闪的东西，从嘴里吐出给我，我拿着看了看，就放进嘴里，那东西从嘴闪着金光到脖子，到胸部，进了肚子，渐渐就消失了，这是我才想起来问他给我吃的那是什么东西，他说那是舍利，我很吃惊，吃了舍利，一吃惊就醒了。折腾我一晚上都没睡好，不知道这个梦预示什么，那个1755的数字代表什么，对这个数字记忆很清晰。,19
梦见自己的小指有一个小口子，不停的流血，而且不流了自己还会去挤一挤，然后又会不停的流，还滴到裙子上，我还用湿巾擦拭，还跟姐姐去看医生，医生说我们得了什么传染病，不久就会死的，我还梦见姐姐给我钱，二十几块，好像是说昨天你给买的东西的钱。。。,9
"我梦到我很不满意的驳哥哥的话,他说我的老父亲不勤快,很懒,我就说他没说了,你自己不干呢,爸老了,大声的说哥哥不好,父亲没说话.我女儿自己玩不小心掉进湖里,我正担心怎么救出她,结果她自己游出来了满身的泥,我心里想有一身干净的衣服将给她换上.",14
"我梦到自己到了婆家提出离婚,但是有人劝说,给我拿东西让我吃,后来我没吃却发现自己的嘴肿了,我心里好惊讶怎么以下子就肿的像一大朵花,忙和婆家人要水喝,后来就醒了.",16
 昨晚梦见跟男朋友吵架了，很凶。差点分手了。。。这个梦是什么预兆啊？,13
您好！我奶奶和姥姥现在还健在，姥爷在2011年9月份去世的，可是我在梦里梦见参加了奶奶的葬礼，随后又参加了姥姥的，接着又是姥爷的，在梦里我还给他们亲手做了花，然后我给奶奶的那花送的时候还用绳子绑在了我自己的头上，骑着自行车送到坟上去到半路的时候，我忘了因为什么我又骑车回家了，最后送没送出去我忘了，然后又是姥姥躺在那个灵棚里在梦里给奶奶和姥姥的花是一样的，到姥爷那朵就不一样了。我想问一下这个梦是什么意思，麻烦您解答一下！,13
今天做了一个梦；梦见和舅妈一起坐火车；我抱着孩子；舅妈提着两个箱子；里面都是我和老公的衣服；在火车未到站的等候片刻；火车来到时；舅妈一时的高兴忘记了我的行李；我可抱着孩子；看到箱子忘记了拿；可我又抱着孩子；怎么回头拿行李呢；舅妈却只顾上车；我就急忙跑上车去叫舅妈；总是叫不答应；我走了两节车厢；车却开了；我急坏了；怎么办；行李丢了；我想这梦是丢了衣服了；可从来没有做这样梦啊；求解,9
最近老是怪梦连连，前不久梦见搬家，可是一进门，怎么还是我现在住的这个房子；过了几天又梦见一个女的拎着小女孩，都是鬼，找我帮她们什么忙，吓的我在房子不敢出来，结果房子全烧了起来，吓的我又烧香又烧纸的，最后走了怎么又来了个男的拎着一个小男孩，也是鬼，把我直接吓醒了；昨晚又梦见跟日本人打仗，我和身边的兄弟们被包围了，他们杀死了我几个战友，一气之下，我把那些小鬼子都用机枪扫了，全打在腿上，子弹洞猛流血，结果我们的人把前面的一个碉堡炸了，我喊了声卧倒，结果在床上翻了个身就醒了。最近怎么怪梦这么多，不知是祸是福，有何预警，请大师给指点一下。,9
 我梦见本来似乎是要去什么学校找人的，结果前几分钟还是学校场景。往后就是一道翡翠绿的湖水。上面漂浮着一些浮游生物，像海藻类的东西。然后我看见边上的丛林里有一只白色的老虎，还挺壮的，盯着我，似乎要向我扑来，好像是不注意，又好像是为了不被白老虎袭击，我掉进去湖水。在水里我梦见我慢慢下沉，往下看翠绿一片不见底。躲避了白老虎的袭击。好像梦见我掉下去的时候，手里还拽着一个熊偶。似乎是个熊娃娃，但是在梦里又感觉似乎有生命似的、我没被淹死，悄悄游上岸。发现那白老虎在寻找我。但是没找到。后来更奇怪了，白老虎不见了，梦见是一个男人假装的白老虎。目的是为了给他学生进行什么哲理性的课程。貌似那老虎是他假装来给学生上课的。,19
记得的梦不长。三个人在家里整东西，妈说把几个箱子并起来地方可以空些，我说并不起来。爸要帮我整，〔此时他已经蹲在那里开始整了〕我不要他整，〔那时妈站在阳台〕，他突然站起来往阳台走，不知为什么他们一下就跳下去了。然后我惊醒。,14
梦见我姨父从高处掉到一个水池子里被淹死了，我特别着急，我小姨也在附近没有着急的样子，我把也在，也不是很着急，我特别着急，然后我把从台阶绕下去，到水池子那那是我姨父不行了好像，后来我爸用绳子把我姨父绑住，我们一起从上边把他拽了上去，我不甘心给他做胸部按压，但结果虽然突出了些水但也没救活。,35
梦见我和妈妈去医院体检排到我们的时候爸爸不知道从哪冒出来还呆在医生屋里，医生说爸爸差两块钱不够我就帮爸爸补上了，接下来该我和妈妈啦，我先办的，医生一开始问我办多少钱的，她给我介绍有30，35，40的我当时只记得医生说30是普通的，40是贵宾的我给她说来个普通的吧，两个人的，我当时拿到卡的时候一下子不小心掉到暖气缝里了找了好几圈也没找到，我告诉他我卡丢了没,9
我梦见跟我老公一起跳楼，跳下去又弹上来了，我心里好害怕不敢在跳了，后来我老公又跳了两次，都有一块板子把他弹上去！最后一次他直接头往下跳，我真的吓死了。。就吓醒了,14
补：梦见自己的车自燃：2月16日凌晨，梦见自己的小轿车自燃，当我看见的时候，车烧的很厉害，已经烧的只剩下架子了。我就看着，没有去救火，看着就醒过来了。,7
上个星期 忘了星期几了反正就是3月26日前 我晚上做梦梦见奶奶对我说 你看 你爸爸没了 我当时就惊醒了 脑袋直冒虚汗啊 请哪位大师给解下 这个怪梦 要表达的是什么意思 ？,9
昨天晚上做梦，有人在一条大路上追我，但是没追上，路上的路灯还断断续续的，有的亮，有的不亮,7
梦见两个太阳一个红色一个白色，我却认为是月亮，一条青龙盘旋着，在看我，我站在楼上向下看，一个鱼民挑着水，一半是红色的一半白色的,29
梦见自己牵着两头牛拔田，周围有些田里的那种蛇，但不攻击我，还有一头白色的猪被拴在旁边的田梗上，映象中猪好像是我家的.这是怎么回事？,16
画面几乎是突然间出来的。那间房子很大，大门有门坎，先是一个棺材与大门平行的放着， 然后是我的女朋友侧着站在棺材旁边，穿着白色孝衣。当时我感觉不好，很快就醒了,13
最近几天总是做恶梦，要不然就是梦到跟过去妈妈一起聊天，甚至梦到妈妈去世前的一些事情，昨天梦到我在家，跟妈妈聊天，而且我后妈也在，，，而且最近总感觉到不安，这是为什么呢？,7
梦到在世的父亲过世，母亲却一点都不伤心地张罗丧礼，在去找人帮忙的路上的时候，看到已故的爷爷往家里赶，他并没有看到我们。突然我觉得这太突然了，然后好伤心，梦就醒了。,9
昨晚梦见已故的爷爷放牛从我屋后经过，牛是不太大但有点肥，而且毛发顺溜，身体洁净的水牛。我在菜地里偷摘西红柿吃，西红柿不大，但都是选的红的吃。然后向爷爷挥手，此时他已经牵牛去了以前他最先住的已经拆了的老房子的院坝里，院坝里长满了草。从头到尾，爷爷都没有和我说话。请问此梦何意。,7
第一段：梦见死人趟在我们村那个庙旁边，在庙里面最大一个佛右手边有个山洞，死人就趟在山洞里面，把我吓坏了，然后就下山了，因为庙在山上，结果就吓醒来了第二段：然后又接着睡了，把刚才做的梦也不知道怎么回事，又给接上了，又梦见我们家里来了2个男的，找我爸喝酒，结果我爸不在家，家里只有我和我妈妈，然后那两个男人把那个死人去我们家床上拉了下来（梦里是从洞里接出来的）因为他们两个座在床上，顺手就拉下来了。结果我妈妈抱着那个死去的男人，在拔那个死去的人的牙齿，刚刚开始拔下来2颗，当时我就特别紧张，当我妈妈拔那个死人牙齿第三颗的时候，我喊了一声，那个牙齿不好容易才拔下来，梦见第三颗牙齿拔下来之后扎进了我妈妈手指头里面，疼的我妈妈直叫，我立马转过头看着扎进妈妈手上的牙齿怎么好像带有火星，快要燃烧一样。结果闹钟响了。请各位高人给我指点指点，是不是有什么寓意啊？急,7
梦中很清晰，我自己的一双白色休闲鞋着火了，左脚脚跟的鞋子处被火烧破了，但是烧完了破的地方还是白色的。,9
今早八点多，梦到和妈妈，男朋友开车回家，突然走错了路，走到了到处是瀑布，水的地方，我们三个就像玩激流勇进那样顺着水漂流，旁边是一些人，说是长期被困在这里，我们一路飘中间有好多砍，不是路段了，就是有东西在旁边拉你，但是我们都躲过了，最后在一扇门旁边，那些鬼说可以过了，过了你们就回去了，我们过了这扇门之后，我差点又被水卷走，还好妈妈拉住了我，然后就醒了！,10
"外公刚过世两个月,我梦见外公在游轮上从高处望着我,穿着衬衫和便裤,衣服系在裤子里面袖子挽起,双手叉在裤袋里,肩上还搭着毛衣,很随意很潇洒.眼神有种淡淡的迷离,些许无奈.外公过世时享年89岁,可是我在梦里见到外公的样子却是二十年前的样子.这个梦很短只是一瞬间,我第二天醒后很清晰的记得这个梦,感觉很失落.",13
我夢到坐地鐵出去麵試。然後在那裡一直站著玩遊戲。後來看到鞋帶鬆了，就把手機放在褲袋裡，然後蹲下去系鞋带。然後有感覺自己的口袋被碰了一下。因為褲子很緊，我也沒註意，用手摸了一下，手機還在，就沒管了。站起來摸出手機，手機跟我的一模一样，還是沒留意。解鎖後，看到不是我玩的那個遊戲了，是一個盜版的遊戲。我退出桌麵，這才發現不是我的手機。然後我報警，旁邊有個衕,9
梦见在开晋升会的时候，被问很刁钻的问题。最后我一边哭一边回答。对方不肯罢休的还揪我头发，我为了以后就忍着给他们欺负…然后就醒了,13
好多颗牙齿松动，但是门牙都还好好地的，自己把松动的牙齿都拔掉，流了一点鲜红色的血，牙上面好像还带一些鲜红色的肉块,14
我看见外婆家的池溏没水了，然后到前面的小溪中舀水，后舀到快死的一条鱼，然后又手捉到两三条的活鱼，最后突然一条很大的鱼跳跃出水面，后面又梦一只小狗一直追咬我的屁股,21
明天是过世母亲的七七日，今天凌晨时分梦到母亲回家找鞋子，说脚上的鞋子有点小，我告诉她重新给她买一双，然后就醒了。,13
"冰箱里面本来有半包时间已久的烟,梦见我父亲要烟抽,因为找不到其它的也没有卖的,就把这半包给了他.但是父亲去世正好一年多了,也从来没有来过我的家 ...",13
帮我解下梦~我梦见日本人拿枪打我头打出血了而且自己没死，看见我头上面全部是血那是什么意思啊~我梦见发洪水也告诉我下谢谢,19
晚上突然做梦，梦到老家的妈妈的奶奶，一：她本来已经死了好多年了。当时，二：她在梦里没有穿衣服，三：并且感觉年轻多了。四：主动要我和她握手。请问这四条代表了什么。谢谢了喔！！！！,13
我的爸爸过世已经4年了，之前一直都没有梦到过他，这次清明，这三天都连续的梦到他，第一天，梦到他还如往常一样，可他给我买了一条裙子，可裙子却让别人借去穿了，我就把裙子抢回来，才发现，裙子很漂亮很特别还很贵，可却不是我的码数，我跟爸爸说，是小码的，幸好我减肥了，硬穿进去了。第二天的梦不太清晰了。第三天，梦里爸爸给我打电话，说我有没有在家，他说他上街买东西，没带那么多钱，我说我在家，我给你转账吧，然后我就跟爸爸一起坐电梯去了一家超市，他想吃一种东西，我们去买，总之，很混乱的梦，我跟妈妈说，我把钱给爸爸了，我的堂妹她们也找我要钱，我说我没钱了，我把钱给爸爸了。究竟是怎么了？爸爸是突然发病去世的，他病中都没有能认出我来，一直一直都是心里的伤痛。常常想着想着就流眼泪。他生前经历的磨难很多，也是在他最低落的时候去世的。人生的遗憾那么那么多。每次去庙里，我都不求菩萨保佑发财什么，只希望爸爸能在另一个世界能过得好。,13
昨晚梦到自己搬电冰箱，刚开始丢一个，后来2个电冰箱都丢了，请大师给解解梦,9
梦到喜欢的人被别人杀了，但是她貌似换了另一个身份出现在我的面前，就好像是又出现了一个一模一样的她，但好像是另一个人，又好像是她本人死而复生了，望大师解答。谢谢了,13
我昨晚一夜没睡着，到了早上大概4.5点时，才睡着的，后来一睡着就做梦了，第一天梦见男朋友晚上下班回来把她以前小学的时候暗恋的女孩带回家了，当时，那女孩子说是来我们家看看的，然后很自然的留她吃晚饭，吃了之后她居然拉着我男朋友说进房间聊天，进去了之后就关门了，我就在外面刷碗。到了10点多，那女孩也没说要离开的意思，我就进去问他们，已经十点了，我男朋友刚要问她：你今晚。。。，没想到那女孩居然说，很晚了不回去了，就在这了，我们也不好意思赶人家出去，就这样，我准备和她睡，男朋友出去打地铺，结果她居然要求要求我们3个一起睡，晚上聊天。她睡里面，我睡中间，男朋友睡外面，我男朋友居然没反对，还真这么睡了，到了晚上，那女孩子要求我男朋友睡中间，想和他聊天。然后，我没说话，我男朋友就这么睡中间，我睡外面了。他们马上就躲被窝里聊天了，我一句话都没听到。然后就这样过了一晚上，第二天早上，他们出去玩了 ，我男朋友好像看我不好意思，就带上我去了，可是 一路上他们很开心，我就是拎包的，还叫我给他们拍照，用的居然用的还是我的照相机。就这样到晚上回来的，晚上又是我给他们做饭，刷碗。晚上她也没走，我男朋友也没问。我也就不好说了。到晚上他们在一起睡，我一个人偷偷的出去打地铺了，第二天，我男朋友起来说的第一句话就是问我他们早上吃什么？就这样我伺候了他们一个星期，那女孩很显然变成了主人，我是佣人。每天和我男朋友出去玩，晚上回来我给他们做饭。但是不带我出去。每天他们走的时候，我第一件事就是回到房间数我的安全套少了没有，如果没有我就不担心，想给我男朋友一个机会。有点自欺欺人。后来我实在受不了了就回家了，和我妈妈说了这事，我妈妈就骂我，说当初不要让我和他在一起，非要在一起，现在可好了。人家这样对你，我于是就又回去了!怕妈妈唠叨！我回去的时候我男朋友也没找过我，电话都没有！回到我和我男朋友住的地方！看见他们还没回来，我就又给他们做饭！就这样过了半个月，有一天我发现少了一个套子，我很难过，也没问他们，什么也没有，感觉自己要离开了！然后就偷偷的收拾了衣服离开了！以为我男朋友会找我，可是没有，一直都没有。最后由此在超市门口，看到他们买东西他们很亲密，看到我了，也没有个我打招呼。就这样过去了……（梦里的场景物品事情和现实一模一样，我妈妈真的有反对过我们，我每天晚上也是给我男友做饭的！醒了之后发现自己真的哭了！很纠结，我男朋友不是这样的人，那女孩子肯定也不是，但是这个梦很长，自己却记得很清楚！）,9
梦见去世的丈夫在屋里唱歌，唱得还很清楚，屋里还有来去走动的人，上周刚给他迁了坟，请问大师这是啥意思?,16
之前我梦见爸爸打我 我从梦中醒来狂哭 在近期内就有两次类似的梦 就是被打的梦  然后昨天爸爸梦见我和男生一起 惩罚我 把我的手指放在墙上砍下,9
包里有钱包手机，是在堂姐村里，蛮多人站在一起，我在后面，包放在条椅上被偷，旁边站着个女人，我问她看见谁偷了吗？她没说，示意远处,9
梦到姨妈去世，已故的外公活着 ··很短就被吓醒了·梦里有很多亲戚出现，姨妈还去了外地，外公还和我说话。好像是说姨妈在回来的路上去世的.,13
梦见家里的后院，有一个水坑，周围有很多碎柴，在他的北边有一个像篮子大小的水坑，在里边我捞了好多又大又红的西红柿，在坑左边还有大小不一的桃子，桃子在塑料袋里面，还梦见想挖古董，在大水坑的西南边有一个地上碎的罐子，罐子里边有土。,10
"梦见四个朋友一起在桥头玩，其中一朋友站到桥栏杆上，不小心从桥上直立掉下，摔死在河边，脚在岸上,头在水边。求解！",14
梦见自己的孩子同我及妻子外出游玩时，孩子在水面上玩，没在意，超过了孩子，我们在前面走，突然发现自己孩子不见了，我马上意识到了孩子落水了，查看水面上一连串冒泡的地方，我看到了冒泡的地方，赶到用头末入水中查看，结果看见了孩子，孩子穿粉红色的上衣，周围的人廷多的无人发现及营救孩子，我一召急，喊出声音，醒了。,10
在一个老家的河塘和亲戚朋友一起捉鱼，里面很多鱼，突然看到一条大鱼，我就用鱼叉去叉鱼，叉是叉到了，但是鱼头和鱼身都被我叉的分开了，而且貌似出了不少血，感觉心里很不舒服、难受。还有在鱼塘边上走的时候总是跌跌撞撞、歪歪斜斜的，很容易就掉进河塘的感觉。。。,30
老是梦到嘴里有东西，吐又吐不出来，满嘴都是，牙缝里都塞满了，使劲吐，一直在吐，嘴里全是东西，还会用手弄，就是弄不净，吐也吐不出来，牙缝塞的痛，牙里面塞的，就拉，拉的感觉牙痛，还是拉不出来，到底是什么意思呢，经常会做到这样的梦，求解！,14
我梦见很大一条鱼在浅水里面，我和我父亲站在水里，那鱼对着我们冲过来。再等等就看见鱼变成两半了。再等等就看见一个借过我钱的朋友在解鱼，很多人在旁边，我也拿了一块，结果鱼刺刺到大拇指。,21
梦见自己回到家里，家人都在，可弟弟头发全白了，（弟弟24岁）。最后我和弟弟要一块出远门，貌似要创业，我有点不愿去。,19
梦到姥爷（已故）和我还有姥姥（健在）睡在一张大床上。亮灯了后，自己发现姥爷就很怕。姥姥也对姥爷说你快走吧，结果姥爷说要去烧壶水，我说还是我去吧,13
梦到被别人追杀，最后被逮住了，还有两个人一起被逮住了，其中一个人被杀了，最后我看到尸体血淋淋的给扔到一个地方了,26
我在大学要转专业却梦见高中化学老师说我逃课次数太多转不了专业，在梦中我很焦急却还坚持要转，当晚还梦见了我来了经血被我不小心弄到我穿的白裙子上面，我想洗干净却把裙子洗烂了还是没洗干净，身边还有一个男生,9
梦见10几年前领导我的主任，白天从未想过此人，但梦里大家未说话，只是见到他人了。他以前对我好，合作非常愉快，他到香港读博士去了，见过两次，后来再未见过，不知他目前的所有情况，但昨晚突然在梦里见到，这说明什么呢,8
昨晚做梦，发现走到一处农村平房子，挺偏远，然后就进去了，发现里面挺阴森，没有电，就如老家的土房子一样，然后梦到客厅母亲点蜡烛，点着了两个，因为里屋太黑，我就想多点几个把整个屋子都放满，于是我也帮忙点，点着了拿到手里转身就熄灭，再点一个拿着刚一动就发现阴风吹灭了蜡烛，就是不能拿到里屋，连续点了四个只要挪动都被熄灭。发现是里屋闹鬼吹灯，并且有阴风，感觉屋里有死过的人，并且越来越恐怖，天渐渐的黑了，越黑越想点着，结果点上立刻就熄灭，我非常害怕也非常着急，然后就划火柴，怎么划都划不着，结果天黑了，蜡烛全部熄灭了，我就吓醒了，白天一问，昨晚是清明节，不知代表什么意境？,22
一天早上7-8点钟时候，我梦见死去的一位同事和我在同一个办公室且并排坐在一起备课，但没有听到他说话，也没有看到他有什么举动。,13
梦与亡父露天同床而睡，天下雨，醒来见亡父一直立于床头，疾呼亡父，急忙与亡父抬床避雨，稍后两三点急雨骤停,13
昨天晚上我梦到自己在爬山  爬到一处比较陡峭的地方自己掉了下去  可是掉到一半又回到了原地  这次却是被人推下去的 请问这是怎么回事呢,14
吃东西的时候上边一颗牙咯掉一半，不一会所有的牙都掉一半剩牙根，后上牙科拔牙  拔2颗没事，第3颗的时候出血缝针,14
梦见在山上一个水田里淹死了一头黄母牛，还怀的小牛崽，我把它的尸体拉到山坡上，用刀把牛肚子花开，想把小牛崽取出来，结果看小牛崽已经死了,9
梦见前夫生病了，好像是很难治的病，好像是癌症。但是在白人的家里玩，还有主人家及家人。前夫头上还用一张布花的做成帽子一样带着，原来是把头发递了光光的。,9
在之前好像有座山洞里探险的十二个人找不到了，有些人看到山洞上边塌了，可能是遇难了，我儿子和大概五六个人，有大人，还有五六岁的孩子呢，他们没过多长时间，没走多远就又有塌的地方了，我们赶快救人，他很快就被找到了，可是他躺在那里，怎么也喊不醒，我难过的不知道怎摸样啊才好，这时已经是早晨了，我醒了，可是我心里一天了都有点特别不吉利，是不是孩子死了的梦不好啊，求您给我解一解吧，怎么能逢凶化吉啊。,26
大概是几年前的事了。在一个大概是下水道的的地方，有着红光，总体来说比较昏暗，有几条水管裸露在墙壁之外，整个空间很封闭，气氛压抑。有一对母女，互相抱着坐在地上，地上有水，她们的面前有一个正方形的网格铁盖，一条条的钢条竖着十字交叉排列。忽然有一只血手穿过盖子直直地伸出来，但是盖子没有任何破损，手也没有被切割。那对母女看到了很害怕，抱在一起大叫。然后我就醒了。那只手有几分像我的手。,8
小女儿已基本成人但梦境中较小一门心思做餐厅服务员在餐厅酒楼上楼上栏杆空隙较大在来回走动时不慎从楼上坠落趴在地上已无声息但并未看到有血迹,14
梦见死去将近六年的公公婆婆，两人笑着向自己走来，公公让婆婆买烟，我争着去给公公买，我记得我想买的是10元的黄金叶，结果店主拿的却是那种一盒只有3根的烟，我不要那种，后来在梦中感觉自己做梦了，认为自己已经帮他们超度了怎么还梦见他们呢，紧接着就在不安中醒来了,13
梦见我在家里，很晚才起床，还穿着平时的衣服，但是是要结婚了，结婚的对象却不是我现在的男朋友，而是我舅舅，我妈在给我收拾东西，我跟我妈说还没买鞋呢，我妈说等会陪我去买。然后我爸也回来了，他匆匆的跟我说快点准备，马上就要结婚了。我就在想，看人家结婚都是很早就开始忙，穿婚纱等等，我怎么就这么简单，正在心里难受着就醒了,9
我开始的梦，我梦见我爸爸，我爸已经去世了，我在一个像小医院的房间里和我爸说话，我爸说他不想死，我说你不要瞎想，我说我要走了，我会来看你，我爸说不让我去看他，我就走了，梦没醒，在路上我看到好多卖红色衣服的，我本身很讨厌红色，我看到有个女孩穿个粉色的，我就问卖衣服的还有没有粉色的了，买衣服的说没有粉的了，我问就剩那女孩身上的一件了吗，买衣服的说是，我看了那女孩一眼，看见她穿着粉的衣服，她的纸袋子里是白色的衣服，我看见袋子里还有一个人头，我有点惊慌，就要走，走了一段路我回头看，那个头在我的眼前转了一圈就飞走了，我害怕了就叫我老公，我叫的声音很大，都能听到回音，我怕我老公不知道是我叫的，我就叫我老公的名字，我老公答应了，我就向我老公跑过去，对我老公说我害怕，我要回家，我老公说“别怕，有我在”，我们就往家走，回到家把门关上，结果门不断开了关，关了又开，我一慌张拿被就把门给蒙上了，我看还是没盖严实就用手重新把被塞紧，塞的时候看到一只手，我就被吓醒了，请问这梦是什么意思？,7
就在朗格礼拜之前，我梦见先父的坟墓。梦的详情是这样的：我梦见一个是狐狸在刨我父亲的坟墓。我看见就拼命制止，可还是没有制止住。坟墓被它刨开了。我看见了棺材，可那个狐狸还是没有停止，在继续刨。它刨开了我父亲的棺材。我看见了我父亲的样子。记得很清晰。我看见我父亲的头发理的很整齐。看见他就像睡着了一样。很安详。可那个狐狸还是没有停止刨，它在揭我父亲脸上的皮，揭下来再吃。我这时候就惊醒了。,7
我梦见去世还不到一个月的兄弟在我们兄弟面前哭，问他 他又不说，这代表什么意思？,13
每次都能梦到忆经死去的老公，有时候梦到会很清晰，有时候不清不楚，不是梦到他娶我，就是梦到他要和我分手......,13
我晚上做梦，梦见一条小白蛇在我家的院子里，我和我男朋友看到了很害怕，就跑回屋子里，然后小白蛇也进了屋子里，还生下了许多的小白蛇，然后我们就出去找我的父母，我们就一直扫那些小白蛇，可是怎么也扫不动,9
梦见了跟去世3.4年了的女孩生了个男孩，在现代梦的后来一生下来就变成古代了被一个皇后换掉了，因为那皇后生的是女的，过了20几年才跟我的小孩相认。那女孩是以前的邻居，见过没几次面而已。,8
梦的一开始是梦见了一只怪兽，长的像狗又像鹿或牛之类的东西，它总是追着添我。后来又梦见了我以前的一个姐姐，在梦里我俩厮打起来，我用刀把她按在床上，然后她用手枪打了我一枪（在太阳穴的位置）并没有见到血！请您帮忙解下梦，谢谢,9
梦见已故父亲端着稀饭蹒跚着走着很可怜。同时还梦见我的房间里蚊子很多，我正准备用药灭蚊子，不知何意？,13
梦见自己在天上飞，飞的中徒被电电了一下就飞到高楼大厦中间，在很多高楼大厦中间飞行是什么意思呢？,7
1、前几天梦到自己回学校上学了，但是在课堂上我却什么都没穿，真的很赤裸裸，突然老师又叫我上黑板去做题，叫了3个人，那两个都做完了我还连那道题的题目都没写完老是在那擦了重写还感觉自己很无奈，写错了又不好意思去讲桌拿板擦，2、后来还梦到自己的左手不知道哪来那么多血，自己用纸巾擦了半天就是擦不完，看看红红的一块纸巾但是手上就不知道是哪破了，而且还不疼，，,9
母亲因恶疾去世整一年了，这年间梦见很多次有关母亲的梦。1.去世前几天梦见我跟母亲躺在一起跟小孩一样赤身裸体的，母亲边抚摸着我边流泪，且看到对面有块地绿油油的，别的地都很荒凉。2.母亲躺着跟一家人聊天，还说自己还想活，过年时回家祭拜时梦到的。3.兄妹几个要离开母亲并用一扇门把母亲挡在外面，母亲却在不停的追我们，最后还是没能跟上我们。4.母亲去世后的几天里梦见母亲跟一帮人坐拖拉机走了，那些人都不认识，但很确定都是已死之人。5.梦见母亲躺着，脖子下起了很多水痘，很大很密的满脖子长大。6.最后一次梦见母亲，实在灰头土脸的，面黄肌瘦，心疼的抱了起来，问为什么这么瘦，母亲说整天呆在水里没有吃的（很奇怪就在最近特想在办公桌上放个鱼缸只放水，什么都不养，后在佛具店买了一个荷花放着）,13
"梦到刚去世四七的妈妈跟阿姨说话,说她近两年光到处跑了,(妈妈近两年去了很多地方,北京、郑州、深圳、香港)，请问大师：这梦有什么含义，明天是妈妈的五七，想问一下，我在祭奠时还需要做些什么？",13
梦见自己在楼顶捡了一片什么东西准备拿回去用，刚准备下楼时楼梯灯泡突然爆炸，吓我一跳，手中东西落地，楼梯一片漆黑。并且在梦中清晰的听到巨响。然后我就醒了，还特地跑去洗手间看了看是否有东西真的掉下来了。,15
我和好朋友还有一个朋友的好朋友去河边玩！两次看见有人落水！然后就是朋友的朋友落水了！我的朋友就跳进去救他，结果他们都死了！在梦中我还期待他会突然出现在我面前！,19
就是看电视看累了，躺床上就慢慢睡着了。然后就梦到很多像猫还是老鼠一样的动物吧从我床上一直跑，最后一只动物我还看到了他的眼睛，很大的。我害怕的发抖我想动身子，可是身子动不了。,7
梦到母亲和其他邻居在冰上玩耍，我在岸上看冰有融掉的可能，就要其他人上岸，等到叫母亲的时候她已经落水，而且她不会游泳，一直沉在水底随水流走，我想救她可是看不到，就哭醒了,19
开始梦到隔壁已过逝的一对老人 还帮我们家修煤球炉子 然后好象我去上班 走路走的好好的 就踩上了淤泥  还有我的同事我一样 鞋陷的比较深然后我们挑好走点的路 不知道怎么了我爬上围墙了 我就觉得要摔下来了 我就赶紧喊要梯子 等梯子拿来我 我就顺着梯子下来了 然后好象河马那样的动物 朝我袭来 我就沿草堆躲  边躲边喊救命 吓醒了,9
"我梦见去世的奶奶(今年1月29日去世),梦见和她一起睡觉,奶奶摸我的眼睛说""睡觉吧.''''不知是何意思.请大师给解一下,谢谢!",13
总是会梦见死去的姥姥还没有死，有时候梦见姥姥总是说是我害死的。,13
他抱着我，身边还有一个朋友，我想回头看他，他不让我回头。分手很长时间了，一直没梦到过他，现在突然梦到，预示着什么？ 当时分手只是因为太倔强，现在仍然有些不甘心。可是我现在生活的很好，又被这个梦打乱了。,8
昨天梦见姑姑哭着要追杀我，说还要去我家找我妈，我跑啊跑，终于摆脱了。但到半路有来了三个男的继续追杀，我跑到一个公交车上，司机替我躲他们，压他们，后来在一个站牌停了，三个人趁机上来了，面带笑容，车上除了司机和那三个人都下车去了，司机和那三个人都让我们下去，我们都下去了，但我感觉不对劲，一掏口袋发现有类似爆炸物品的东西，我不确定哪还有，就脱掉全身衣服，只留个红裤头跑啊跑，终于摆脱了！,16
在奶奶走后的半个月，我做梦梦见全家人在一起吃饭，然后忽然有人敲门，我去开门看到奶奶回来了，我拉着奶奶的手刚想说话梦就醒了，这是什么意思,13
大师：您好！我最近在办理去北京进修的事情，但昨晚上我梦到去世的姥姥告诉我：“现在先不要去北京，三十岁之后再去北京”，这是什么意思呢？姥姥在世时一直希望我能到北京工作。谢谢大师帮我解答一下。,13
我首先梦见了姥姥死了，然后我又去她家拿走了好多钱。这时突然 我到了另一个异度空间，我又看见了妈妈，妈妈还给我吃雪糕，突然我有瞬间转到了一个陌生的地方，这里有大海，还有一个陌生女子和男子，我和陌生女子比赛游泳，我又不敢了，然后又比赛转圈.....然后又回家了、,19
做梦梦到有颗牙齿有点病变然后我用手摇，一边的牙齿全部掉完了，后面我妹妹买了一个化妆品给我，我敷在脸上，没多久我的脸就长泡泡了，然后找人问是敷的诗句过长，脸就毁了,35
我现在单身、梦见自己和女朋友再度分手、不知道怎么的下着雨我一个人跑，很伤心分手。然后不知道怎么的和她的同学一起了、还亲了,19
"梦见婆婆在和别的人摆谈、我吃人家小树上的的又大又红的樱桃，再跑去和好友捉鱼、捉了又放、看见对面山旁边的房子燃了、烧的很快,火很大  ，天上就掉火下来、就跑、跑到半山腰看见有人挖土 除草、他们看到个发黄的小葫芦 还是在我家偷的葫芦种的、、",7
梦见去世三年多的外婆突然出现在自己家，怎么进来的不知道，穿了件绿色的毛衣，我用手电一照发现是外婆就立刻跑过去，好像主动拉住她的手，她面带微笑，我们说了很多话，她告诉我她要投胎了，说完就出门了，我看见她下楼，我只站在门口，但没出去，过一会她又会来了，然后我们又说了很多话，不记得是什么内容了，只是最后她叫我小名冲还是别的叫了好多遍而且不停的摸我的头还是后背，然后我就醒了。,13
在梦里 刚开始说话时，牙就有点松动，咬了下牙后，牙就掉了一部分。后来告诉老师我牙掉了，老师不信，我就给他解释，牙就不停的往下掉。接着就全掉完了，但是我都用手接住了。掉到时候嘴里有点麻，稍有一点疼（主要是感觉牙酥的厉害），掉下的牙上只有一点点血丝。后来就跑了（忘记干什么了），但是一直不敢说话。无意之间看见玻璃发现自己又长了一嘴小牙，很白很新像小孩子的牙齿差不多大小。请大师帮忙解释一下，到底是什么意思，谢谢。,14
梦见在爸爸以前住的房子中挂着一个金光闪闪的钟表，我还问爸爸你为什么不把它搬到现在住的新家，他说新家有钟表了就不搬了。其实现实中他搬家的时候把钟表已经搬到新房了。,8
梦见掉在有干草的大坑里后来爬上来了，不张怎么了又掉下来了干草松了，我可能还会往下掉，就努力爬，又爬上来了，,14
梦到老情人和小学同性女同学端盆酱牛肉要吃 我正在扫地 我说：老同学多少年没见面了  你俩怎么遇到一起了？还没吃  梦醒了,8
